markov,Db,F#,C5,C7-/13,Bb,G7,E,C,G,A
markov,G5,D5,C5,C#5,C5,C,B5,G,C5,E
markov,B,B,D,E,G,E,C,D,F,C5
j48,G,D,A,G,D,A,G,D,A,G
randomforests,G,D,A,G,D,A,G,D,A,G
oner,G,D,D,D,D,D,D,D,D,D
markov,E,C#m,D5,F#,G5,D,F#m,C5,A5,G5
markov,Bb,C#m,G,C5,E5,D5,B,A,F#m,C#
markov,C5,E,D,C7-/13,G5,D5,E,A,Am,C
j48,F5,G5,Am,A5,A5,D5,Am,F5,G5,Am
randomforests,F5,G5,Am,A5,A5,D5,Am,F5,G5,Am
oner,F5,G5,C5,Bb,G5,C5,Bb,G5,C5,Bb
markov,A5,C5,E,D5,A,D5,D,F5,Bm11,B5
markov,C#,G,Bm11/C#,A,G6,F9,G5,F#,G5,E5
markov,D5,B,A,C9,C#,F#m,F#m,C,G5,C5
j48,D,C,G,C,Em,C,G,D,D,D
randomforests,D,C,G,A,D,D,D,D,D,D
oner,D,D,D,D,D,D,D,D,D,D
markov,D,Am,G,Bm,B5,C5,G,G5,G6,G#
markov,C#5,Bm,G5,D,A,D5,F#m,C9,C#m,E5
markov,G5,B,C#m,B,B,G,B,C5,B5,B
j48,D,D,D,D,D,D,D,D,D,D
randomforests,D,D,D,D,D,D,D,D,D,D
oner,D,D,D,D,D,D,D,D,D,D
markov,A5,C#m,Bb,A5,G,Em,A,Em,E,B
markov,B5,G,B,G5,E,D,B,E,Am,G5
markov,B,G,D5,Bm,Bb/C,F#,G,A,F#,A5
j48,G,D,A,G,D,A,G,D,A,G
randomforests,G,D,D,D,D,D,D,D,D,D
oner,G,D,D,D,D,D,D,D,D,D
markov,Em,C5,C5,A5,D,C#,A,D5,G5,D
markov,B5,D5,C#5,Bb/C,G5,C7-/13,G5,E5,C5,B
markov,G,F#m,Bb,C5,A,B,Bb,Bb,C#,Bm
j48,D/A,G,Bm,Em,G,Bm,Em,G,Bm,Em
randomforests,D/A,G,Bm,Em,G,Bm,Em,G,Bm,Em
oner,D/A,G,D,D,D,D,D,D,D,D
markov,B,C5,F5,G,B5,A,G5,A,A,B
markov,G5,E,G7,G5,C5,C5,C#m,G7,F#m,C
markov,C5,D5,C5,Bm7,C#5,G,E,Bb,C,C9
j48,Bm11,D9,G6,Bm11,D9,G6,Bm11,D9,G6,Bm11
randomforests,Bm11/D,Bm11/C#,Bm11,Bm,Em,G,Bm,Em,G,Bm
oner,Bm11,D9,G6,Bm11,D9,G6,Bm11,D9,G6,Bm11
markov,A,G5,F9,D,D,E,E5,A5,C9,G
markov,C9,Bb/C,A5,E,D,E5,C5,C5,C,D
markov,C,F#7,G5,F#m,Em,C5,E,D5,A,D5
j48,A,G,F#,B,A,B,F#,E,D,G
randomforests,E,F#m,A,B,F#m,A,B,F#m,A,B
oner,A,G,D,D,D,D,D,D,D,D
markov,Bb,A,C5,B5,D,E,Bb,A,F#,B
markov,A,E,C,C5,A,D9,A5,C9,D9,E
markov,B5,A,D,G,Am,Am,C5,G,C,C#m
j48,Bm11/C#,Bm11,D9,G6,Bm11,D9,G6,Bm11,D9,G6
randomforests,Bm11/C#,Bm11/D,Bm11/C#,Bm11,Bm,Em,G,Bm,Em,G
oner,Bm11/C#,Bm11,D9,G6,Bm11,D9,G6,Bm11,D9,G6
markov,B,Bb,E,C5,D,E,D5,A,D,D5
markov,C5,C#m,A,E,G,B,B,G5,D5,C5
markov,G7,B5,E5,G,E,E5,F#5,C5,Am,D
j48,Bm11/C#,Bm11,D9,G6,Bm11,D9,G6,Bm11,D9,G6
randomforests,Bm11/C#,Bm11/D,Bm11/C#,Bm11,Bm,Em,G,Bm,Em,G
oner,Bm11/C#,Bm11,D9,G6,Bm11,D9,G6,Bm11,D9,G6
markov,B,E5,A,C#,G,F#m,Bm7,B,E,C#
markov,C#5,G,A,C,G5,B,C,D,G,G
markov,Em,F#m,C5,D,D,C,E5,A,D5,E
j48,G6,Bm11,D9,G6,Bm11,D9,G6,Bm11,D9,G6
randomforests,G6,Bm11,D9,G6,Bm11,D9,G6,Bm11,D9,G6
oner,G6,Bm11,D9,G6,Bm11,D9,G6,Bm11,D9,G6
markov,G5,E,G5,F#,F#m,C,A5,D,B,C#5
markov,D5,D5,E7/9,B,A,C5,G5,F#,C#,A5
markov,G,Bb,F#m,C#m,B,G,Bb,C5,B,E5
j48,G,D,A,G,D,A,G,D,A,G
randomforests,E5,G5,A5,G5,E5,G5,A5,G5,E5,G5
oner,G,D,D,D,D,D,D,D,D,D
markov,C5,C,B,Am,Bb,B5,D9,C5,A,A
markov,G5,F#m,C,Bb,A5,Bm11/C#,C,C5,E,A5
markov,E,F#,A5,E,C#,C,F#m,C,Bb/C,D
j48,G,C,G,D,D,D,D,D,D,D
randomforests,G,Bb,G5,C5,Bb,G5,C5,Bb,G5,C5
oner,G,D,D,D,D,D,D,D,D,D
markov,G5,F9,D,C#m,G5,E,B,D,D,E
markov,G5,D,A5,F9,C#m,G,D5,F#,G6,C5
markov,E,G,Bb,Bb,E,B,D,D,F#m,A
j48,Em,G,Bm,Em,G,Bm,Em,G,Bm,Em
randomforests,Em,G,Bm,Em,G,Bm,Em,G,Bm,Em
oner,Em,G,D,D,D,D,D,D,D,D
markov,Em,D,F#,C5,G,G5,G5,A5,C5,B
markov,B,G,G5,C#,D5,D5,Am,Bb/C,A5,D5
markov,B,C#,D5,D5,B,C,G5,F#,C#,C5
j48,C7-/13,B,F#m,A/C#,C7-/13,B,F#m,A/C#,C7-/13,B
randomforests,C7-/13,B,F#m,A/C#,C7-/13,B,F#m,A/C#,C7-/13,B
oner,C7-/13,B,E,B,E,B,E,B,E,B
markov,D,B,C#,Bm11,E5,C5,E5,D,B5,A5
markov,C#m,E,B,C5,F#m,G,B5,E,F#m,A5
markov,B5,G5,B,C7-/13,C#m,D,Am,F#m,C9,C
j48,C5,Bb,G5,C5,Bb,G5,C5,Bb,G5,C5
randomforests,C5,Bb,G5,C5,Bb,G5,C5,Bb,G5,C5
oner,C5,Bb,G5,C5,Bb,G5,C5,Bb,G5,C5
markov,D,Bb,D5,G,C,C,A,A,C5,A5
markov,G,A,G,E,D,Bm,F#m,E,B5,Am
markov,B,G,A,A,B,Bm,E5,F#m,G5,C
j48,E,G,E,D#,D,D,G,G#,A,G
randomforests,E,G,E,D#,D,D,G,G#,A,C
oner,E,B,E,B,E,B,E,B,E,B
markov,Bb/C,C5,G5,G5,C5,E,C#m,C#,C5,F#
markov,G,G5,E,D,B,C#m,D9,G,A,A
markov,Bm,A,A,A,G7,E,G5,E,C#,B
j48,C,G,G,C,F9,C,G,G,C,F9
randomforests,C,G,G,C,F9,C,G,G,C,F9
oner,C,G,D,D,D,D,D,D,D,D
markov,C,C,G5,D,C,C#5,F#m,G5,B5,D5
markov,A,F#,F#,F9,G,C9,B,Am,A,Am
markov,E,A,G5,E5,G5,C5,D5,C5,A,F#m
j48,G5,B5,A5,F#5,G5,B5,A5,F#5,G5,B5
randomforests,G5,B5,A5,F#5,G5,B5,A5,F#5,G5,B5
oner,G5,C5,Bb,G5,C5,Bb,G5,C5,Bb,G5
markov,G5,C5,Bm11,F#m,G,F,F#,Em,E,Bm11/C#
markov,Am,E5,C5,C#m,F#,A,D5,G,B,B
markov,C,E,E,F,B,C5,A,B,Am,B
j48,C5,D5,C5,D5,C5,D5,C5,D5,C5,D5
randomforests,C5,D5,D5,E5,E5,D5,C#5,B5,E5,B5
oner,C5,Bb,G5,C5,Bb,G5,C5,Bb,G5,C5
markov,E,G5,C#,B,B,C#,C#m,C,C5,Bm11
markov,C5,Em,C,F,C,E,A5,A,G,A
markov,B5,B5,A5,C5,Bm,D5,B5,G6,C,F#
j48,G,Cm,D,G,Cm,D,G,Cm,D,G
randomforests,G,Cm,D,G,Cm,D,G,Cm,D,G
oner,D,D,D,D,D,D,D,D,D,D
markov,B,G,B,G5,E5,C#m,E,F#,Bb,E
markov,E,Bm,A,Bm,C5,G5,A,B5,F,A5
markov,A5,D,F#m,G6,E,A,F#m,F#m,F#,B
j48,C5,Bb,G5,C5,Bb,G5,C5,Bb,G5,C5
randomforests,C5,Bb/C,D5,C5,Bb/C,C5,Bb/C,D5,C5,Bb/C
oner,C5,Bb,G5,C5,Bb,G5,C5,Bb,G5,C5
markov,G,B,A,E,F,C5,C#,B,E7/9,D
markov,D5,D,A,Em,A,E,A,E5,D,A
markov,D,C#,A,E7,A5,C9,G5,C#,C5,G5
j48,G,D,A,G,D,A,G,D,A,G
randomforests,G,D,G,D/F#,A5,A7,E5,G,D/F#,E5
oner,G,D,D,D,D,D,D,D,D,D
markov,A/C#,B,C,C5,D5,C,F#,F#m,Bb/C,D5
markov,Bm11,Bm,F9,E5,Bb,C5,A,C5,C#m,A
markov,Bb/C,E,E,E5,C9,A,E,Bb,D,B
j48,D,D,D,D,D,D,D,D,D,D
randomforests,G,A,B,B,F#,E,D,G,A,B
oner,D,D,D,D,D,D,D,D,D,D
markov,C5,E5,D,E5,B,C,A5,B,A5,G5
markov,B5,A,A,B,G,G6,A5,C#,A,A5
markov,Am,C9,B5,F#m,C#m,C,B,C#,G6,A
j48,E,B,E,C#m,E,B,E,C#m,E,B
randomforests,E,B,E,C#m,E,B,E,C#m,E,B
oner,E,B,E,B,E,B,E,B,E,B
markov,A5,G5,E,Bb/C,Em,A,C#5,C9,C5,Bb
markov,B,C,B5,E,E,A,C#m,Bb,G7,A5
markov,D,A,F,G,C5,Em,A,C#,F,F#5
j48,F5,G7,Am,Am,F5,G7,Am,Am,F5,G7
randomforests,F5,G7,Am,Am,F5,G7,Am,Am,F5,G7
oner,F5,G5,C5,Bb,G5,C5,Bb,G5,C5,Bb
markov,E7,Bm,E,C,Bb,C#5,Am,G,D5,D5
markov,E,C#5,C5,C#,F#,B,C#5,B,C5,E
markov,E,E5,B,C,C,C5,G5,F#,E,G5
j48,G5,C5,Bb,G5,C5,Bb,G5,C5,Bb,G5
randomforests,G5,C5,Bb,G5,C5,Bb,G5,C5,Bb,G5
oner,G5,C5,Bb,G5,C5,Bb,G5,C5,Bb,G5
markov,A,D,G,D,G7,C9,G5,E,C5,F#m
markov,E,C,D,B,G#,G5,G,G5,Am,E
markov,Em,E5,A,F#m,D,G5,B,C5,B5,C
j48,B,E,C#m,E,B,E,C#m,E,B,E
randomforests,B,E,B,C#m,F#,E,B,B,E,B
oner,B,E,B,E,B,E,B,E,B,E
markov,G5,A5,G5,G5,C,E,C,C5,E,A
markov,C5,F#,Bb,B,Bb,C5,B,G5,D5,Bb
markov,C,C#5,C,B5,G,D,Bb,C#,F#m,G7
j48,Am,Am,F5,G7,Am,Am,F5,G7,Am,Am
randomforests,Am,Am,F5,G7,Am,Am,F5,G7,Am,Am
oner,Am,F5,G5,C5,Bb,G5,C5,Bb,G5,C5
markov,D,E5,D,G5,B,E,Bb,E,F5,G
markov,C5,B,C,C#m,G,E5,G,C#,F9,G
markov,E5,C5,E7/9,G,G6,C5,C5,C#,A,B
j48,Bm11/C#,Bm11,D9,G6,Bm11,D9,G6,Bm11,D9,G6
randomforests,Bm11/C#,Bm11/D,Bm11/C#,Bm11,Bm,Em,G,Bm,Em,G
oner,Bm11/C#,Bm11,D9,G6,Bm11,D9,G6,Bm11,D9,G6
markov,C#,Am,F5,F5,C5,G#,G5,C#,C5,G#
markov,A,A,Bm,Am,A5,D,A,Bm,G,E5
markov,A,A/C#,E,D5,C#m,C5,E,D,G,C
j48,F,C,G,F,C,G,F,C,G,F
randomforests,F,C,G,F,C,G,F,C,G,F
oner,F,C,G,D,D,D,D,D,D,D
markov,G5,A5,A,Em,D,F#,Bm,E,G5,G5
markov,Bb,G7,D,C,B,C,C#m,Bb,C,C
markov,G5,C#,E5,D5,Bb,B,F5,Am,Bb/C,C
j48,C,D,E,C,D,E,C,D,E,C
randomforests,C,D,E,C,D,E,C,D,E,C
oner,C,G,D,D,D,D,D,D,D,D
markov,C,G,C#m,B,Am,D9,A5,A/C#,G,Bb/C
markov,B,G,C,B,D,C5,C,B,B,F5
markov,Bb,Bb/C,F5,A5,F#5,C#,C#m,A,E,E
j48,F,C,G,D,D,D,D,D,D,D
randomforests,F,C,G,D,D,D,D,D,D,D
oner,F,C,G,D,D,D,D,D,D,D
markov,Bb,G,G5,B,E5,Am,C,B,D5,Bb
markov,A,A5,G6,Bb,G6,G,B,F9,C5,Bb
markov,G,B,C,F9,Bm,G5,C#,Bb,G7,G
j48,Am,Em,G,Cm,D,G,Cm,D,G,Cm
randomforests,Am,Em,G,A,C,D,Em,G,A,C
oner,Am,F5,G5,C5,Bb,G5,C5,Bb,G5,C5
markov,G5,B,Bm,D5,B5,C#m,A,G,C,C
markov,C#,C5,C5,C,A,G5,C,C#5,E,E
markov,G5,G5,C,F#7,A,G5,C5,Bb/C,E,Bb
j48,D9,G6,Bm11,D9,G6,Bm11,D9,G6,Bm11,D9
randomforests,D9,G6,Bm11,D9,G6,Bm11,D9,G6,Bm11,D9
oner,D9,G6,Bm11,D9,G6,Bm11,D9,G6,Bm11,D9
markov,G,A,C#,E,B,C5,Bb,C#,C5,C5
markov,E,E,G,Bm,B,E,C#,Bb,C#,C7-/13
markov,G5,F#m,B,B5,C5,F#,A5,D5,A,Bb
j48,Bm11,D9,G6,Bm11,D9,G6,Bm11,D9,G6,Bm11
randomforests,Bm11/D,Bm11/C#,Bm11,Bm,Em,G,Bm,Em,G,Bm
oner,Bm11,D9,G6,Bm11,D9,G6,Bm11,D9,G6,Bm11
markov,E5,F,C,C5,G5,Bm,C5,C#,F,C#5
markov,G5,G7,E,E,G6,D,F#,F5,Bb,B
markov,C#m,A,G,G,C#,A,B,G5,A,G
j48,G,Bm,Em,G,Bm,Em,G,Bm,Em,G
randomforests,G,Bm,Em,G,Bm,Em,G,Bm,Em,G
oner,G,D,D,D,D,D,D,D,D,D
markov,C,C#,A,E,C,E,C,B5,E5,B
markov,Bm,A5,D5,B,B,G,C,B,G,C#m
markov,A,E,Em,G#,F,Bb/C,G5,F#m,E,G
j48,D5,Am,F5,G5,Am,A5,A5,D5,Am,F5
randomforests,D5,Am,F5,G5,Am,A5,A5,D5,Am,F5
oner,D5,C5,Bb,G5,C5,Bb,G5,C5,Bb,G5
markov,C,A,A,D,F#,F,G#,B,C,G6
markov,B,F#,G,C#,C5,Bm,B,F#,F#m,D
markov,Am,F#,E,Em,A5,D,E5,C,C,G
j48,D5,C5,A5,D5,C5,A5,D5,C5,A5,D5
randomforests,D5,C5,A5,D5,C5,A5,D5,C5,A5,D5
oner,D5,C5,Bb,G5,C5,Bb,G5,C5,Bb,G5
markov,Bb/C,Bb/C,Am,A5,G5,E,F#m,D5,D9,G5
markov,G5,A/C#,C5,G6,A,E,G,G,D,Bb
markov,C#m,C9,C5,Em,G5,Bb,Bb,A,Bb/C,G5
j48,Bb,G5,C5,Bb,G5,C5,Bb,G5,C5,Bb
randomforests,Bb,G5,C5,Bb,G5,C5,Bb,G5,C5,Bb
oner,Bb,G5,C5,Bb,G5,C5,Bb,G5,C5,Bb
markov,G5,Am,G5,F,B,G6,B,C#m,E,D
markov,C#,E5,A,E,C5,B,G,B5,A,B
markov,C,C5,Bb/C,C#m,F#m,B,D,E5,C5,C
j48,G5,C5,Bb,G5,C5,Bb,G5,C5,Bb,G5
randomforests,G5,C5,Bb,G5,C5,Bb,G5,C5,Bb,G5
oner,G5,C5,Bb,G5,C5,Bb,G5,C5,Bb,G5
markov,F#,F#m,E5,B,D,D,D,C#,E,B5
markov,G5,D5,E5,Bb,G5,C5,F9,G,E5,B
markov,Bm,D,E,E,A,D5,D5,D,G,A5
j48,G#,A,G,A,G,A,G,A,G,A
randomforests,G#,A,C#,C,B,F#m,A,F#m,C#,C
oner,G#,A,G,D,D,D,D,D,D,D
markov,E,B,C#,F#m,D9,D,D5,C5,B,C5
markov,C,F#m,G5,Em,Am,G5,G,D,D,E5
markov,C,Db,F5,G5,G6,E5,C5,A,C#,C#m
j48,G,D,A,G,D,A,G,D,A,G
randomforests,G,D,G,D/F#,A5,A7,E5,G,D/F#,E5
oner,G,D,D,D,D,D,D,D,D,D
markov,E,A5,C,A,C5,B,E5,G7,E,E
markov,A,E,D5,E,F9,G5,F#m,B,D,Bb
markov,F#,G,F#m,B5,E,F#m,A,G,C5,C#
j48,E,E,G,D/F#,E,E,G,D/F#,E,E
randomforests,E,E,G,D/F#,E,E,G,D/F#,E,E
oner,E,B,E,B,E,B,E,B,E,B
markov,G5,G5,E,E5,A5,C#5,D,D,B5,E
markov,D,F#m,B,F#7,E,D5,F5,G5,B,F
markov,F#,A,D5,Bb,G5,G,G5,A5,F5,G5
j48,C5,Bb,G5,C5,Bb,G5,C5,Bb,G5,C5
randomforests,C5,Bb/C,D5,C5,Bb/C,C5,Bb/C,D5,C5,Bb/C
oner,C5,Bb,G5,C5,Bb,G5,C5,Bb,G5,C5
markov,C,B5,E,D,B,G,C#,C,E,G6
markov,G,B,A,Am,Bb,D5,E5,E,A,F#m
markov,A5,B,Am,G,B,G5,B,A5,F#,E
j48,G#,A,G,A,G,A,G,A,G,A
randomforests,G#,B,E,B,C#m,F#,E,B,B,E
oner,C5,Bb,G5,C5,Bb,G5,C5,Bb,G5,C5
markov,E,C5,C5,Bb/C,D5,B,Bm7,C5,B,C
markov,E,Bb,C5,B5,C#m,E,C5,F9,C#m,D
markov,D,C5,G7,G,Bm11,D9,Bm11,C,B,Bm
j48,G5,C5,Bb,G5,C5,Bb,G5,C5,Bb,G5
randomforests,G5,C5,Bb,G5,C5,Bb,G5,C5,Bb,G5
oner,G5,C5,Bb,G5,C5,Bb,G5,C5,Bb,G5
markov,G,C,D5,D9,Bm11,G5,Bb,D,F#m,B
markov,C5,F#m,E,B5,A,C#,E5,B5,D,A
markov,A5,B,C#m,E5,C#,C5,D,B5,G5,C5
j48,Am,Am,F5,G7,Am,Am,F5,G7,Am,Am
randomforests,Am,Am,F5,G7,Am,Am,F5,G7,Am,Am
oner,Am,F5,G5,C5,Bb,G5,C5,Bb,G5,C5
markov,Bm11,E,B,C,A,E,C,E,G,Bb
markov,Am,E,B,C,A,B5,E7,C#,C,B5
markov,C5,D,E,C,C5,G7,C#m,E,A5,C5
j48,G,D,A,G,D,A,G,D,A,G
randomforests,G,D,Em,G,D/F#,E5,G,D,A,G
oner,G,D,D,D,D,D,D,D,D,D
markov,B,C,E,A5,B5,F#,E5,B,C#m,E
markov,G5,C5,Am,C#,D,E,G,Am,A5,G7
markov,G5,G5,F#5,D5,D,Bb,Bb,E,A,F#m
j48,G5,B5,A5,F#5,G5,B5,A5,F#5,G5,B5
randomforests,G5,B5,A5,F#5,G5,B5,A5,F#5,G5,B5
oner,G5,C5,Bb,G5,C5,Bb,G5,C5,Bb,G5
markov,D,C#5,F#m,A,G5,F#m,E5,Bm11,C,E
markov,C,A,D,F#m,C#m,D,D9,B,D,Bm
markov,G5,D5,D5,F#5,Em,F#,A5,C#,Bm,C#
j48,E,B,E,C#m,E,B,E,C#m,E,B
randomforests,E,A,G,D/F#,A,G,D/F#,A,G,D/F#
oner,E,B,E,B,E,B,E,B,E,B
markov,G,E,G,G,C5,G5,F#,Bm,C,G
markov,A,B,C5,D,C#,Bb,C#m,A/C#,G5,Bb
markov,G,G,D5,F5,Db,D,B5,C5,D5,G5
j48,A5,B5,A5,E5,B5,A5,B5,A5,E5,B5
randomforests,A5,F#5,G5,B5,A5,F#5,G5,B5,A5,F#5
oner,A5,D5,C5,Bb,G5,C5,Bb,G5,C5,Bb
markov,C#m,A,E,B5,B,C#,A5,B,A,E
markov,Bm,D,C5,D,G5,D,G5,E,G,C
markov,C#m,Bb,E,Em,D,C,G,B,E5,E
j48,C,G,G,C,F9,C,G,G,C,F9
randomforests,C,G,G,C,F9,C,G,G,C,F9
oner,C,G,D,D,D,D,D,D,D,D
markov,E,A,D5,C5,G,C#,C#,D,D5,E
markov,D,E5,Bb,G,B5,D5,D5,B,C,Bb
markov,A,F#m,C,Am,E5,A,G,B5,F#m,E5
j48,C,D,E,C,D,E,C,D,E,C
randomforests,C,D,E,C,D,E,C,D,E,C
oner,C,G,D,D,D,D,D,D,D,D
markov,Bm,A,Am,G,B,E,C,B,C5,G
markov,C5,G,D5,E,C5,D,E,A,C5,F
markov,G5,F#,C#,Bb,A/C#,F#m,D5,F#m,B,G5
j48,E,B,E,C#m,E,B,E,C#m,E,B
randomforests,F#,E,B,B,E,B,C#m,F#,E,B
oner,E,B,E,B,E,B,E,B,E,B
markov,C,B,Bm,G,D5,G7,A5,D,G,B
markov,D,F5,B,G,A,F#,F9,A5,F,C#m
markov,Bb,A5,A,G,C,E,G6,Am,D5,F#m
j48,D,G,Cm,D,G,Cm,D,G,Cm,D
randomforests,D,G,Cm,D,G,Cm,D,G,Cm,D
oner,D,D,D,D,D,D,D,D,D,D
markov,G5,Bb/C,A,D5,C#,G5,Bm,Bb,C5,G6
markov,C5,F#m,G,E5,E,C5,E5,B,C,D
markov,Bm,C#m,F#m,D,F#5,D,E,G5,G5,C5
j48,D,D,D,D,D,D,D,D,D,D
randomforests,D,D,D,D,D,D,D,D,D,D
oner,D,D,D,D,D,D,D,D,D,D
markov,G7,F9,G5,E5,Am,Db,C5,F#m,Bm,D
markov,G5,F#m,C,D,D5,A5,A,G7,D,G5
markov,Am,C5,F5,Am,Bm,E,D,A5,D5,Bm7
j48,B5,A5,B5,A5,E5,B5,A5,B5,A5,E5
randomforests,B5,G5,E5,E5,A5,D5,C#5,B5,G5,E5
oner,B5,A5,D5,C5,Bb,G5,C5,Bb,G5,C5
markov,C#,E5,G,A,B,E5,F#m,E5,C,D5
markov,A5,Am,D,D,C5,E5,A,D,C#m,C
markov,F9,Bb,G,A5,E,C,G5,D,D5,G6
j48,G,D,A,G,D,A,G,D,A,G
randomforests,G,D,A,G,D,A,G,D,A,G
oner,E5,E5,E5,E5,E5,E5,E5,E5,E5,E5
markov,C#m,Bb/C,A5,C5,A,D,A5,C5,D5,E5
markov,E5,F,E,F#m,D,A5,E,D5,A5,G5
markov,F#,G5,E,A5,F9,E5,B,F#,B,C5
j48,E5,E5,E5,G,D,A,G,D,A,G
randomforests,E5,C,G,D,D,D,D,D,D,D
oner,E5,E5,E5,E5,E5,E5,E5,E5,E5,E5
markov,G,D9,G5,G,E,Bb,D5,B5,E,A
markov,Am,A5,B5,C#m,A,C#m,E5,F#m,B,D
markov,G5,G,C,D5,G,G,G,E5,G7,F#m
j48,G6,Bm11,D9,G6,Bm11,D9,G6,Bm11,D9,G6
randomforests,G6,Bm11,D9,G6,Bm11,D9,G6,Bm11,D9,G6
oner,G6,Bm11,D9,G6,Bm11,D9,G6,Bm11,D9,G6
markov,G5,G,F#,A,F#m,F#,E5,B,B,D9
markov,G,Bm,C#5,E5,C,C,C#m,D5,B,C5
markov,G7,C5,F,G5,Bb,F#m,C,A,A,B
j48,Am,Em,G,Cm,D,G,Cm,D,G,Cm
randomforests,Am,Em,G,A,C,D,Em,G,A,C
oner,Am,F5,G5,C5,Bb,G5,C5,Bb,G5,C5
markov,Em,E,A,A,Am,G5,Bb,G5,E,F9
markov,E,E7,C9,D,E,E5,C,C5,C#m,E5
markov,B,E,Am,C,D5,A5,D5,A,E5,C
j48,G,D,A,G,D,A,G,D,A,G
randomforests,G,C,Em,G,F,C,G,F,C,G
oner,G,D,D,D,D,D,D,D,D,D
markov,C5,F#,C#m,G5,G5,D9,Bb,A,C,Bm
markov,B,Bm,E,B,F#,E,C5,G6,F#,D
markov,C5,C,F#,E5,D,G5,C#,F#,D5,B
j48,E,C#m,E,B,E,C#m,E,B,E,C#m
randomforests,E,B,C#m,F#,E,B,B,E,B,C#m
oner,E,B,E,B,E,B,E,B,E,B
markov,B5,D,D5,B,A,G,C#m,G,G5,C#
markov,E7,F#,A5,F#m,F#m,C5,D9,G5,Bb,Bm
markov,A,C#5,E5,D,C,C,D,C,C,D5
j48,D,A,C,A,E,D#,D,A,C,A
randomforests,D,A,C,A,E,D#,D,A,C,A
oner,D,D,D,D,D,D,D,D,D,D
markov,C#m,C,B,B,E5,Am,B,C5,A/C#,D5
markov,B,D,B,E5,G,D,E,D9,G,C#m
markov,G5,E5,D5,B,G,E,A,B5,F#,E5
j48,C7-/13,B,F#m,A/C#,C7-/13,B,F#m,A/C#,C7-/13,B
randomforests,C7-/13,B,F#m,A/C#,C7-/13,B,F#m,A/C#,C7-/13,B
oner,C7-/13,B,E,B,E,B,E,B,E,B
markov,F,F,F#m,F#m,B,F5,C7-/13,A5,F9,C#m
markov,E,C,B,C,G6,Am,B,F#,C5,G5
markov,G,A,G,C,D5,C5,D5,C5,D5,C5
j48,Am,Em,G,Cm,D,G,Cm,D,G,Cm
randomforests,Am,Em,G,A,C,D,Em,G,A,C
oner,Am,F5,G5,C5,Bb,G5,C5,Bb,G5,C5
markov,D5,A,E5,G,E,C#m,D,F5,E5,B
markov,E5,G5,Bb,Bb,F#,C,G,B,F#,E
markov,G5,G,C5,D5,D,Bb/C,G5,A5,A5,C
j48,G,D,A,G,D,A,G,D,A,G
randomforests,E5,G,D/F#,E5,G,D,A,G,D,A
oner,G,D,D,D,D,D,D,D,D,D
markov,A,C#,D5,E5,D5,E,D5,Em,F5,E5
markov,Am,A5,F5,G,G6,F#,C#m,G5,B,E
markov,E,C5,D,C#5,E7/9,Am,C5,D9,G#,G
j48,B5,A5,B5,A5,E5,B5,A5,B5,A5,E5
randomforests,B5,G5,E5,E5,A5,D5,C#5,B5,G5,E5
oner,B5,A5,D5,C5,Bb,G5,C5,Bb,G5,C5
markov,G,G,G,E7,Am,D,B5,B,C#m,D
markov,C5,D,F#m,Bb,F#,F5,C5,C#,B5,A5
markov,B,C,C7-/13,F#m,F#m,G,A,Bm11,D5,C
j48,E,B,E,C#m,E,B,E,C#m,E,B
randomforests,E,B,E,C#m,E,B,E,C#m,E,B
oner,E,B,E,B,E,B,E,B,E,B
markov,G#,B,G5,B,A5,A,C#m,C#m,C5,G5
markov,A5,C#,Am,G,G,A,E,D9,A5,G5
markov,G5,C#5,A5,Bb/C,A,B,C#m,E5,E5,C5
j48,Em,G,Bm,Em,G,Bm,Em,G,Bm,Em
randomforests,A,Em,G,E,E,D,A,B,G,E
oner,Em,G,D,D,D,D,D,D,D,D
markov,E,F,G5,D,G5,C#m,D,E,D,F
markov,A,C#,C#m,B5,C#,C5,A5,C#m,B,D5
markov,A,F5,E5,C,C#,E,C5,D9,G5,C9
j48,E,F#m,E,F#m,A,B,F#m,A,B,F#m
randomforests,E,F#m,E,F#m,A,B,F#m,A,B,F#m
oner,E,B,E,B,E,B,E,B,E,B
markov,F#,C5,C,G,C,D,F#,G,G5,G
markov,D9,B,G,C#,A,C9,G,C5,E,Bm
markov,G,A,C#,Em,C#m,E,C#,F#,A,F#m
j48,G,F#,E,E,G,A,B,B,F#,E
randomforests,G,F#,G,D/F#,A5,A7,E5,G,D/F#,E5
oner,G,D,D,D,D,D,D,D,D,D
markov,C#,C#5,Am,E,D5,G,Bm,D,F9,C#m
markov,D5,C,D,A5,C5,Bb,E,C#5,A5,A5
markov,C5,C5,G7,E,A5,D,C,F5,F9,G7
j48,G,E,E,D,A,B,G,E,E,D
randomforests,G,E,E,D,A,B,G,E,E,D
oner,G,D,D,D,D,D,D,D,D,D
markov,G,D5,Am,E5,B,C5,E5,F#5,C5,A
markov,A,G5,B5,Bb,C9,C,C#,E,G5,G5
markov,G,G6,F#,B,E,G,F#,C#,A,D5
j48,A,G,F#,B,A,B,F#,E,D,G
randomforests,E7/9,E,F#m,E,F#m,A,B,F#m,A,B
oner,A,G,D,D,D,D,D,D,D,D
markov,E,A,C#5,G,Am,D,G5,B,D5,Am
markov,C,C,C#5,A5,C7-/13,E,C,G,B5,C#m
markov,B,G5,C,E,A,A5,G,Db,B,C
j48,G,D,A7,G,D,A,G,D,A,G
randomforests,G,G,A7,G,C,F9,C,G,G,C
oner,G,D,D,D,D,D,D,D,D,D
markov,A,C,E,A/C#,C#,E5,F#,G5,F#,D5
markov,F#m,E,B5,E,C5,G,F#m,A,Bb,B
markov,C#m,A/C#,G7,A,F#,E7,A,E5,A,D
j48,G,Bm,Em,G,Bm,Em,G,Bm,Em,G
randomforests,G,Bm,Em,G,Bm,Em,G,Bm,Em,G
oner,G,D,D,D,D,D,D,D,D,D
markov,F#m,E,C#,F#m,D,C,C,A,Bb,Em
markov,A5,Bb,A,G,B,G,C#m,E,F#m,G
markov,C#m,B,F#m,F5,A,F#m,Em,F9,F9,C
j48,G5,B5,A5,F#5,G5,B5,A5,F#5,G5,B5
randomforests,G5,C5,D5,D5,C#5,B5,D5,G5,E5,A5
oner,G5,C5,Bb,G5,C5,Bb,G5,C5,Bb,G5
markov,F#m,B,E,A,D,C,C7-/13,A,C,G
markov,E5,C5,G6,D5,E5,B,A,E,Em,G
markov,C5,G5,D,Bb/C,C5,E,C7-/13,G,C,E
j48,B,E,C#m,E,B,E,C#m,E,B,E
randomforests,B,E,B,C#m,F#,E,B,B,E,B
oner,B,E,B,E,B,E,B,E,B,E
markov,A,E5,F#m,D5,D5,E,A,C,C,A
markov,C5,C5,Em,E5,C5,G5,C#m,G,C5,F#
markov,E5,C5,E,F,E,C#m,F5,C#5,B,Bm
j48,G5,Am,A5,A5,D5,Am,F5,G5,Am,A5
randomforests,G5,C5,Bb,C5,D5,C5,D5,D5,E5,E5
oner,G5,C5,Bb,G5,C5,Bb,G5,C5,Bb,G5
markov,D,G,B,C#m,B5,A,E,F#m,A,G
markov,B,F#,E,E5,C,F5,C,C9,F#m,E
markov,C#5,C#m,G,Bb,D5,C9,F#5,G,Am,A5
j48,Bm11,D9,G6,Bm11,D9,G6,Bm11,D9,G6,Bm11
randomforests,Bm11/D,Bm11/C#,Bm11,Bm,Em,G,Bm,Em,G,Bm
oner,Bm11,D9,G6,Bm11,D9,G6,Bm11,D9,G6,Bm11
markov,C#m,E,D5,E5,D,C,G5,C,D,C5
markov,D5,D5,C#m,G,G,F#,C5,D,D,E
markov,Bb,B,G7,D,G5,Bb,D,E,B,G
j48,B,E,C#m,E,B,E,C#m,E,B,E
randomforests,B,E,C#m,E,B,E,C#m,E,B,E
oner,B,E,B,E,B,E,B,E,B,E
markov,E,E,C,E,D5,C5,Am,G5,Bm,Bb
markov,E5,E,G,B,Am,B,B,C#m,D5,G
markov,G5,C,C,E,B5,Bm,C#m,Bm7,Em,E5
j48,C,G,G,C,F9,C,G,G,C,F9
randomforests,C,G,G,C,F9,C,G,G,C,F9
oner,C,G,D,D,D,D,D,D,D,D
markov,C#,F#,F#,G5,A5,B5,C5,G,F#m,E
markov,A,B,E,D5,C,Bb,F#m,C5,C5,G5
markov,D,C5,C#m,C#,A,E,D,C,A5,C5
j48,E5,E5,E5,G,D,A,G,D,A,G
randomforests,D5,C5,D5,A5,D5,C5,A5,D5,C5,A5
oner,E5,E5,E5,E5,E5,E5,E5,E5,E5,E5
markov,G5,A,C#,E,G5,Em,G,G,G5,D5
markov,C,D5,G5,Bb,A,C5,C9,G,D5,E
markov,A,E,A,C#m,C5,G5,E,Bb,C7-/13,G
j48,A5,B5,A5,E5,B5,A5,B5,A5,E5,B5
randomforests,A5,F#5,G5,B5,A5,F#5,G5,B5,A5,F#5
oner,A5,D5,C5,Bb,G5,C5,Bb,G5,C5,Bb
markov,E,C#m,D,D5,C5,F5,E5,B5,Am,Bb
markov,D5,C,C,E,D5,G,G,D,C,F#m
markov,E5,G,Am,E,F#m,Am,G,E5,C5,G
j48,C5,Bb,G5,C5,Bb,G5,C5,Bb,G5,C5
randomforests,C5,Bb,G5,C5,Bb,G5,C5,Bb,G5,C5
oner,C5,Bb,G5,C5,Bb,G5,C5,Bb,G5,C5
markov,E,D5,B,G7,D,Bb/C,C,Am,G,F#
markov,B5,C5,C#,D,E5,A5,Bb/C,G5,C5,B
markov,D,B,C#m,C,C5,B5,F,B5,C5,C5
j48,E,C,D,E,C,D,E,C,D,E
randomforests,E,C,B,A,G,F#m7,E,C,B,A
oner,E,B,E,B,E,B,E,B,E,B
markov,G5,A5,A,F5,C5,G,F5,G,D5,C5
markov,A5,G5,A/C#,Bm,C5,Am,Bm,Bb,Bm11,G
markov,D5,G,E7,F5,C5,E,F#m,B,E5,E
j48,E,C,D,E,C,D,E,C,D,E
randomforests,E,C,B,A,G,F#m7,E,C,B,A
oner,E,B,E,B,E,B,E,B,E,B
markov,A,B5,Bb,D5,C,G5,E7/9,F#,F#,G5
markov,E5,D5,F#m,D,A5,E5,C5,A,C5,D
markov,C#m,F#m,E,B,A,A5,Em,G5,D,F#
j48,D9,G6,Bm11,D9,G6,Bm11,D9,G6,Bm11,D9
randomforests,D9,G6,Bm11,D9,G6,Bm11,D9,G6,Bm11,D9
oner,D9,G6,Bm11,D9,G6,Bm11,D9,G6,Bm11,D9
markov,D,D9,G5,Bm,Bm,B,Am,C5,E,Bb
markov,C9,Bm11,Am,D5,F,G5,G,G,A,B
markov,C5,B,A5,E,B,F#,B5,D5,G5,A
j48,Am,Em,G,Cm,D,G,Cm,D,G,Cm
randomforests,Am,Em,G,A,C,D,Em,G,A,C
oner,Am,F5,G5,C5,Bb,G5,C5,Bb,G5,C5
markov,G5,C,E,G5,C#,A,C,D,B,E
markov,F#m,A,D,C5,D5,C,C9,B,C5,G
markov,G7,Em,E5,E,E,Bm11/D,B,A,C#m,D
j48,G5,E,Bb5,G5,E,Bb5,G5,E,Bb5,G5
randomforests,G5,E,Bb5,G5,E,Bb5,G5,E,Bb5,G5
oner,G5,C5,Bb,G5,C5,Bb,G5,C5,Bb,G5
markov,B,E,B5,G,B,F#,B,G,F#,E
markov,C,A,C5,F#,F#m,Bm,D5,C,E,E
markov,Bm11/C#,A,E5,C#m,B,C5,E,D,A,F#m
j48,C5,Bb,G5,C5,Bb,G5,C5,Bb,G5,C5
randomforests,C5,Bb,G5,C5,Bb,G5,C5,Bb,G5,C5
oner,C5,Bb,G5,C5,Bb,G5,C5,Bb,G5,C5
markov,Am,D5,D,A,G,B,A,G,B,A
markov,E,A,C#m,C#m,B,C,C#m,D,C9,E
markov,A,C5,G,F#5,F#m,D5,D5,A,A5,D9
j48,C,Bb,C,G,Bb,C,G,C,G,F
randomforests,C,Bb,C,G,Bb,C,G,C,G,F
oner,C,G,D,D,D,D,D,D,D,D
markov,C,D5,A,C5,B,E5,D5,E5,C7-/13,A
markov,D9,Bm11,C9,Bb,Am,G5,A,A,A,G5
markov,B,D,F#m,C,E7,B,Bb,Bm,G,Bb
j48,F5,G5,Am,A5,A5,D5,Am,F5,G5,Am
randomforests,F5,G5,Am,A5,A5,D5,Am,F5,G5,Am
oner,F5,G5,C5,Bb,G5,C5,Bb,G5,C5,Bb
markov,G,C,B,D5,F#m,G5,Bm,D5,D,C
markov,C5,F#m,B,Bb,D,G5,C#m,Bb/C,Bm,Bm
markov,E,D,A5,F5,C5,C#m,E,G5,G,E5
j48,F5,G5,Am,A5,A5,D5,Am,F5,G5,Am
randomforests,F5,G5,Am,A5,A5,D5,Am,F5,G5,Am
oner,F5,G5,C5,Bb,G5,C5,Bb,G5,C5,Bb
markov,B,C#,F#,G5,G5,Bb,E,C#5,F,Bm
markov,B5,G,E,E,G5,A,C,A,D5,Bm
markov,Bb,Bb,B,E,G7,F#m,E,C#m,C5,C#m
j48,E5,E5,E5,G,D,A,G,D,A,G
randomforests,E5,C,G,D,D,D,D,D,D,D
oner,E5,E5,E5,E5,E5,E5,E5,E5,E5,E5
markov,Am,G,Bm,B,B,F#,E,D,G,A
markov,A,B,C,D5,C,D5,G5,C#,C#m,D5
markov,B,F#,Bm,B,E,F#,C,A5,C#,Bb/C
j48,G5,Am,A5,A5,D5,Am,F5,G5,Am,A5
randomforests,G5,C5,Bb,C5,D5,C5,D5,D5,E5,E5
oner,G5,C5,Bb,G5,C5,Bb,G5,C5,Bb,G5
markov,F5,G,C,C5,C,B,G,B,B,C#
markov,C5,A,C,D,C5,E,G5,B5,Em,C#
markov,C#5,A,C5,Bm,D,D,C,D,D9,Am
j48,B,E,C#m,E,B,E,C#m,E,B,E
randomforests,G,Bm,Em,G,Bm,Em,G,Bm,Em,G
oner,B,E,B,E,B,E,B,E,B,E
markov,C#m,C,D9,C,F#m,A,G,D,E,D5
markov,A,C#m,B,E,A5,A5,A,C#,C,D5
markov,D5,A,G5,G,Em,C5,C9,B,G5,C#m
j48,G#,A,G,A,G,A,G,A,G,A
randomforests,G#,A,C#,C,B,F#m,A,F#m,C#,C
oner,G#,A,G,D,D,D,D,D,D,D
markov,C,Bm,E,C#,F#m,A5,E,Bb,E5,B
markov,G5,Am,A5,E,G#,A5,B,F#,G5,Bb
markov,B,B,E,G5,Bm11,G6,C#m,A5,F5,C5
j48,G5,E,Bb5,G5,E,Bb5,G5,E,Bb5,G5
randomforests,G5,E,Bb5,G5,E,Bb5,G5,E,Bb5,G5
oner,G5,C5,Bb,G5,C5,Bb,G5,C5,Bb,G5
markov,A,C,A5,F#,A5,F9,Am,E5,A5,E
markov,D5,Bm,D,E,C,D5,E,Bb,G,G5
markov,C,C,Bb,D5,C5,C,C,F#m,B,A5
j48,E,G,E,D#,D,D,G,G#,A,G
randomforests,E,G,E,D#,D,D,G,G#,A,C
oner,E,B,E,B,E,B,E,B,E,B
markov,C,C5,F#,A5,F5,B,D5,C,B,F#m
markov,G5,G5,Bb/C,B5,B,E7,E5,B,E,Em
markov,B,A,Bb,C5,D,G,D5,C,Em,A5
j48,C5,Bb,G5,C5,Bb,G5,C5,Bb,G5,C5
randomforests,C5,Bb,G5,C5,Bb,G5,C5,Bb,G5,C5
oner,C5,Bb,G5,C5,Bb,G5,C5,Bb,G5,C5
markov,C,Am,C,E,C5,B,E5,D5,F5,B
markov,G,C#,C#m,C#5,C5,C#m,G5,A5,E,D5
markov,C5,C5,B,C#m,Bb/C,Bm11/C#,F#m,G,Bm7,C5
j48,B,E,C#m,E,B,E,C#m,E,B,E
randomforests,F#m,A/C#,C7-/13,B,F#m,A/C#,C7-/13,B,F#m,A/C#
oner,B,E,B,E,B,E,B,E,B,E
markov,G5,E5,Bb,Bb/C,Bb,B,D9,C#,D,A/C#
markov,Bb,A5,B,C9,G,E,A,B,D,Am
markov,A5,D9,F,C5,Am,E,F#m,F#m,C5,G
j48,A,G,A,G,A,G,A,G,A,G
randomforests,B,C#m,E,B,E,C#m,E,B,E,C#m
oner,A,G,D,D,D,D,D,D,D,D
markov,E,G5,Bm,D5,B,A5,Am,A,G#,A
markov,Bm,D5,G,D5,C,C5,Am,D,E,B
markov,F,Bb,E,G5,E,C,A,C#m,A5,B
j48,C/A,D/A,G,Bm,Em,G,Bm,Em,G,Bm
randomforests,C/A,D/A,G,Bm,Em,G,Bm,Em,G,Bm
oner,C/A,D/A,G,D,D,D,D,D,D,D
markov,C,D5,B,F5,B,A,D9,E,C#m,C
markov,A5,C5,G5,Am,A,G5,Bb/C,Bb/C,Bm,F#m
markov,E,F,A,D,G5,D9,Am,E,D,F5
j48,E,C,D,E,C,D,E,C,D,E
randomforests,E,C,B,A,G,F#m7,E,C,B,A
oner,E,B,E,B,E,B,E,B,E,B
markov,D5,D5,F#m,G,B,C5,Bm11,B,F#,Bb
markov,A,A,D,A,B,C5,C,E,A,A5
markov,G6,D,G5,G,A,D9,B,C5,E5,C#
j48,Bm11,D9,G6,Bm11,D9,G6,Bm11,D9,G6,Bm11
randomforests,Bm11,D9,G6,Bm11,D9,G6,Bm11,D9,G6,Bm11
oner,Bm11,D9,G6,Bm11,D9,G6,Bm11,D9,G6,Bm11
markov,F#m,C,E,C5,A5,C#m,D5,F#m,E,F#5
markov,C,G,B,C#,F#m,D,A5,C5,Am,F#m
markov,F#m,C5,C#,C,A,G#,E,F,E,C5
j48,G,Cm,D,G,Cm,D,G,Cm,D,G
randomforests,G,Cm,D,G,Cm,D,G,Cm,D,G
oner,G,D,D,D,D,D,D,D,D,D
markov,G,Bb/C,F5,Am,A,Am,G5,A,D,G5
markov,G5,A,B,B5,D5,E,D,G5,C,E5
markov,C,D,E5,D,Bb,C,E5,C,C#,C#
j48,D5,C5,A5,D5,C5,A5,D5,C5,A5,D5
randomforests,D5,C5,A5,D5,C5,A5,D5,C5,A5,D5
oner,D5,C5,Bb,G5,C5,Bb,G5,C5,Bb,G5
markov,B,C#m,C5,C#m,A,B,C#5,A5,E7/9,F
markov,Bb,Bb,E,F9,E,C9,C#m,C5,C,B
markov,D9,G6,Bm11,D9,G6,F#7,G#,B,C#,F#
j48,D9,G6,Bm11,D9,G6,Bm11,D9,G6,Bm11,D9
randomforests,D9,G6,Bm11,D9,G6,Bm11,D9,G6,Bm11,D9
oner,D9,G6,Bm11,D9,G6,Bm11,D9,G6,Bm11,D9
markov,Bm11,B,B,A/C#,Bb,A,G5,D,E5,C#5
markov,A5,E,Bb/C,G5,A,D5,C#m,C,E,Am
markov,Bb,C7-/13,G,B,C#,Bb/C,E5,G5,A5,C5
j48,Bm11,D9,G6,Bm11,D9,G6,Bm11,D9,G6,Bm11
randomforests,Bm11/D,Bm11/C#,Bm11,Bm,Em,G,Bm,Em,G,Bm
oner,Bm11,D9,G6,Bm11,D9,G6,Bm11,D9,G6,Bm11
markov,C9,C,D,C9,D,D,F5,C,B,F9
markov,C#,G,F5,C#m,B,E5,F#m,B,C,E7
markov,Bb,Bb,G5,B,G,Bb,A,F#,A,D5
j48,F5,G5,Am,A5,A5,D5,Am,F5,G5,Am
randomforests,F5,G5,Am,A5,A5,D5,Am,F5,G5,Am
oner,F5,G5,C5,Bb,G5,C5,Bb,G5,C5,Bb
markov,Bm,Bm,E5,E5,G5,G5,E,C,E,G
markov,C,A5,E,D,Am,B,F#m,C,C,C
markov,C#5,G,G,E,C5,A5,Am,C#,A,D
j48,Bm11,D9,G6,Bm11,D9,G6,Bm11,D9,G6,Bm11
randomforests,Bm11/D,Bm11/C#,Bm11,Bm,Em,G,Bm,Em,G,Bm
oner,Bm11,D9,G6,Bm11,D9,G6,Bm11,D9,G6,Bm11
markov,Bb/C,G5,C5,A,Bm,D,G6,F#m,D5,Bb/C
markov,G5,A,E,D,B5,B,F#,B5,C#m,G
markov,G,G5,F#,G7,C5,C5,B,E,C,D5
j48,D,A,G,D,A,G,D,A,G,D
randomforests,D,A,G,D,A,G,D,A,G,D
oner,D,D,D,D,D,D,D,D,D,D
markov,G,B,Em,Bm,E,D5,G5,G,D5,F#
markov,G5,C5,E,Bm,G#,A,F#,A5,C,G
markov,E,B5,D,D5,Bm,G7,C5,B,Bm11,F5
j48,C5,Bb,G5,C5,Bb,G5,C5,Bb,G5,C5
randomforests,C5,Bb/C,D5,C5,Bb/C,C5,Bb/C,D5,C5,Bb/C
oner,C5,Bb,G5,C5,Bb,G5,C5,Bb,G5,C5
markov,Em,Bm,E,B5,F5,A5,B,G,F#m,Bb/C
markov,G5,E5,E5,C,C9,G,G,D5,A,Bb
markov,B5,F5,G,A,C9,B,D,B,B,A5
j48,C7-/13,B,F#m,A/C#,C7-/13,B,F#m,A/C#,C7-/13,B
randomforests,C7-/13,B,F#m,A/C#,C7-/13,B,F#m,A/C#,C7-/13,B
oner,C7-/13,B,E,B,E,B,E,B,E,B
markov,B,D,E,Bb,A,F#m,Em,A,Am,D
markov,A,F,G,E5,F9,C5,D5,Bm,G5,B
markov,C,B,Em,G5,E7,F#m,C5,D5,F#m,E
j48,D,A,G,D,A,G,D,A,G,D
randomforests,D,G,D,G,D,G,D,G,D,G
oner,D,D,D,D,D,D,D,D,D,D
markov,C5,E,G,A,G,F#,C5,C,B,C
markov,C5,G5,C5,D,D,E7/9,F#7,E,C#m,G
markov,B5,D5,F#,G5,A,F#m,E,C,B5,Bm
j48,F,Eb,G,D,A,G,D,A,G,D
randomforests,F#m,E7,F#m,E7,F#m,E7,F#m,E7,F#m,E7
oner,F,C,G,D,D,D,D,D,D,D
markov,D,A,D5,C,C#,G5,E,C5,C#m,E
markov,D5,D,A5,F#m,F#m,Bb,A5,B5,G,B
markov,Bm11/C#,B,D5,A,F#,C5,A5,G5,Bb,F#m
j48,C5,Bb,G5,C5,Bb,G5,C5,Bb,G5,C5
randomforests,C5,Bb,G5,C5,Bb,G5,C5,Bb,G5,C5
oner,C5,Bb,G5,C5,Bb,G5,C5,Bb,G5,C5
markov,G7,A,G,A5,C5,F#,E,C#,E,F#m
markov,F#m,B5,E,G6,G,F5,G,D5,B,E
markov,B,C,A,Bb,Bm7,A5,E5,C#m,C5,C5
j48,F#,E,E,G,A,B,B,F#,E,D
randomforests,F#,G,D,A,G,D,A,G,D,A
oner,D,D,D,D,D,D,D,D,D,D
markov,G5,C5,A,C9,B,E5,D,F#m,F#,A5
markov,A5,C5,F9,C9,G5,D5,G,B5,E5,C#m
markov,C#m,G5,G5,B,C,C,Bb/C,G,C#,G
j48,E,B,E,C#m,E,B,E,C#m,E,B
randomforests,E,B,E,C#m,E,B,E,C#m,E,B
oner,E,B,E,B,E,B,E,B,E,B
markov,F#m,A,A,E,C#5,A,C5,E,Bm,C
markov,G,B,F5,B,E,A,G,E,E7/9,E5
markov,A,C,E5,A5,D,A,A,C#m,A,E
j48,D5,C5,Bb/C,C5,Bb/C,D5,C5,Bb/C,C5,Bb/C
randomforests,D5,C5,Bb/C,C5,Bb/C,D5,C5,Bb/C,C5,Bb/C
oner,D5,C5,Bb,G5,C5,Bb,G5,C5,Bb,G5
markov,Am,F9,A,C5,C#5,C#m,A,A/C#,C5,A
markov,F#,D5,Em,C5,D5,B5,Am,E,C5,C5
markov,B,F#m,Bm7,C9,Am,Bm11,Bb,D,A,C#
j48,C5,Bb/C,D5,C5,Bb/C,C5,Bb/C,D5,C5,Bb/C
randomforests,C5,Bb/C,D5,C5,Bb/C,C5,Bb/C,D5,C5,Bb/C
oner,C5,Bb,G5,C5,Bb,G5,C5,Bb,G5,C5
markov,E,D5,D,G,C#,Bm,B5,C#,A,C#5
markov,B,A,C5,D5,C9,C#,C5,G6,F#m,E
markov,G5,A,G5,D,C5,D,C,C5,E,G6
j48,Am,Am,F5,G7,Am,Am,F5,G7,Am,Am
randomforests,Am,Am,F5,G7,Am,Am,F5,G7,Am,Am
oner,Am,F5,G5,C5,Bb,G5,C5,Bb,G5,C5
markov,C5,G,G7,B,F5,C5,E5,C,G6,G6
markov,C5,C5,B,B,C,Bb,E,C9,G,D5
markov,E,Am,F5,G7,C#,B,C#m,B5,G,G7
j48,A,G,F#,B,A,B,F#,E,D,G
randomforests,G5,G#,A,B,F#m,D5,C5,Bb,G5,C5
oner,A,G,D,D,D,D,D,D,D,D
markov,A,F5,A,F#,A,Bb,C,G,A5,A
markov,C#m,D,A,G,D,Bb,B,A,Em,B
markov,B,E7/9,G,E,G5,G5,B,G,A5,F#m
j48,G,D,A,G,D,A,G,D,A,G
randomforests,G,D,Em,G,D/F#,E5,G,D,A,G
oner,G,D,D,D,D,D,D,D,D,D
markov,E,F#,C#m,G5,G5,G,E5,C5,E7/9,D5
markov,Bb/C,G,D,C#,Bb,D,D,A,Bm11,C
markov,Bb,D,F#5,Bm,G,D5,D9,D5,G6,F#
j48,B,E,C#m,E,B,E,C#m,E,B,E
randomforests,B,E,B,C#m,F#,E,B,B,E,B
oner,B,E,B,E,B,E,B,E,B,E
markov,F#m,A5,Am,E,B5,A,D5,B,E5,B
markov,C,D5,C,B,F#m,C#5,A,F#m,D5,A
markov,F5,E,C#m,Bm,C5,C,B,D,C5,C#
j48,D,G,Cm,D,G,Cm,D,G,Cm,D
randomforests,D,G,Cm,D,G,Cm,D,G,Cm,D
oner,D,D,D,D,D,D,D,D,D,D
markov,C5,A,F#,G,G5,A5,D5,D5,C#m,F#m
markov,Bm11,D5,G7,D,Em,D5,A,C5,Bb,E
markov,B,D,G,A/C#,G6,C,C5,G6,E,Bm
j48,G,D/F#,E,E,G,D/F#,E,E,G,D/F#
randomforests,G,D/F#,E,E,G,D/F#,E,E,G,D/F#
oner,G,D,D,D,D,D,D,D,D,D
markov,F#m,F#5,C#5,G,B,Am,D5,A,A,E
markov,B,C5,G,B,F#m,Bm,A5,F,F#,D
markov,G6,A,A,F#m,Am,G,B,D,D,C#m
j48,E,B,E,C#m,E,B,E,C#m,E,B
randomforests,E,B,E,C#m,E,B,E,C#m,E,B
oner,E,B,E,B,E,B,E,B,E,B
markov,C,E5,F#,C,D,E5,G,G6,D5,D5
markov,Bb,B5,B,G5,C#5,C,Bb,D5,B,C#
markov,Bm,F9,F#,D5,C5,E,E5,C7-/13,C#,C#m
j48,G#,A,G,A,G,A,G,A,G,A
randomforests,G#,A,C#,C,B,F#m,A,F#m,C#,C
oner,G#,A,G,D,D,D,D,D,D,D
markov,Db,B,Bm11,B,C#m,A5,C5,G5,G5,C
markov,A5,C,Am,F5,F5,E,B,F#,C5,C
markov,D,Bm,B,A,B,D,F#,Bb,D5,D9
j48,C/A,D/A,G,Bm,Em,G,Bm,Em,G,Bm
randomforests,C/A,D/A,G,Bm,Em,G,Bm,Em,G,Bm
oner,C/A,D/A,G,D,D,D,D,D,D,D
markov,A,B,B,A,C5,C5,E,B,D,G
markov,C5,F#m,E5,G,E,C,B5,Bb,F#m,G5
markov,C5,D5,Bb,E7,E,Bm11,C#,Bm11,D,G5
j48,G,D,C9,G,D,C9,G,D,C9,G
randomforests,G,D,C9,G,D,C9,G,D,C9,G
oner,G,D,D,D,D,D,D,D,D,D
markov,D,C5,G5,G,E7/9,A,C5,E,E5,F#
markov,A,B,F#7,A,F#m,Em,C,C,D5,C9
markov,C9,A5,C9,C5,B,E,G,C#,Bm,E
j48,G,D,D,D,D,D,D,D,D,D
randomforests,G,D,D,D,D,D,D,D,D,D
oner,G,D,D,D,D,D,D,D,D,D
markov,C5,F#,D5,Bb/C,C#m,E,D,Bm11,C#m,C#m
markov,A,F#m,B,Bm11,Bb,A,B,F#m,Am,E
markov,G,C5,G5,B,D5,B5,C5,D,E,E5
j48,G5,B5,A5,F#5,G5,B5,A5,F#5,G5,B5
randomforests,G5,B5,A5,F#5,G5,B5,A5,F#5,G5,B5
oner,G5,C5,Bb,G5,C5,Bb,G5,C5,Bb,G5
markov,A5,D,G7,F#,G5,C5,E,C,Bb,Bm
markov,E,Bm,B,A,G5,Am,E,F#m,B,Bm
markov,B5,G6,A,G5,G,F#m,F5,G,G5,A
j48,D9,G6,Bm11,D9,G6,Bm11,D9,G6,Bm11,D9
randomforests,D9,G6,Bm11,D9,G6,Bm11,D9,G6,Bm11,D9
oner,D9,G6,Bm11,D9,G6,Bm11,D9,G6,Bm11,D9
markov,D,B,F#m,E,F5,G,A,Am,A5,C5
markov,A5,A,D,C,A,A,E,B,Em,Bm
markov,B,F,A5,Em,G5,E,Bb,D,Bm,Bb/C
j48,F,G,D,A,G,D,A,G,D,A
randomforests,F,G,G,F,Eb,G,F,Eb,G,F
oner,F,C,G,D,D,D,D,D,D,D
markov,C#m,C#m,D5,A/C#,G,F9,A,D,C5,C#m
markov,G,C5,C#,F#m,F5,D5,G6,B,B,B5
markov,D,E,E,A5,A,F#7,E5,C,G5,E
j48,Bb,G5,C5,Bb,G5,C5,Bb,G5,C5,Bb
randomforests,D5,C5,D5,D5,E5,E5,D5,C#5,B5,E5
oner,Bb,G5,C5,Bb,G5,C5,Bb,G5,C5,Bb
markov,Em,Db,B,D5,D5,B,C5,G5,E,E
markov,F#m,B,E,G,Bb,B,A5,B,B5,F#5
markov,B,C5,Am,C7-/13,C5,Bm,E5,F,G,Am
j48,Am,Am,F5,G7,Am,Am,F5,G7,Am,Am
randomforests,Am,Am,F5,G7,Am,Am,F5,G7,Am,Am
oner,Am,F5,G5,C5,Bb,G5,C5,Bb,G5,C5
markov,A5,C5,C#,F#,C,G,F#,F#m,D,B5
markov,G,B,E,B,D5,A5,B,E,G5,A5
markov,C#m,E5,D,E5,E7,Bm,A5,G,Am,G5
j48,C,B,F#m,A,F#m,C#,C,B,F#m,A
randomforests,C,B,F#m,A,F#m,C#,C,B,F#m,A
oner,C,G,D,D,D,D,D,D,D,D
markov,C,G6,Bm7,G,Bb,F5,Bb,Bb,C#m,C
markov,C,A,G5,E,C#,B,D,E,D,G7
markov,G5,A,Bb,C5,C#m,F5,G5,F5,C7-/13,G5
j48,D,E,Bm,C#,E,A,D,C#m,Bm,A
randomforests,E,A,D,A,E,A,D,A,E,A
oner,G,D,D,D,D,D,D,D,D,D
markov,Bb,C,G5,B,C,Bb,G5,D5,E,F#m
markov,A5,G,D,Bb,D5,F#m,C,G5,G5,E
markov,B,D,B,D,Am,C5,C#m,Bm,C,Bm11
j48,G,D,A7,G,D,A,G,D,A,G
randomforests,G,D,A7,G,D,A,G,D,A,G
oner,G,D,D,D,D,D,D,D,D,D
markov,D,G,B5,Am,B,Bm,G,F#m,B,C5
markov,Bm,C#,D,Bb,C#,B,E,E,F#m,E
markov,G6,D,B,C,G5,D,G,D,C#m,D5
j48,G,D,C9,G,D,C9,G,D,C9,G
randomforests,G,D,C9,G,D,C9,G,D,C9,G
oner,G,D,D,D,D,D,D,D,D,D
markov,F5,C#m,C#,C#,A5,Bb,C,Em,C,D
markov,G5,B,G5,G5,C5,E,F,D5,B,D
markov,C,D,A,C#,Bm,E,G5,C5,A5,B
j48,C5,Bb,G5,C5,Bb,G5,C5,Bb,G5,C5
randomforests,C5,Bb,G5,C5,Bb,G5,C5,Bb,G5,C5
oner,C5,Bb,G5,C5,Bb,G5,C5,Bb,G5,C5
markov,C5,D,C5,E,B,Bm,E5,E,F#,B5
markov,Bb/C,C#,C#5,A5,E7,B,E,C5,C5,E5
markov,A,G,A5,B5,D5,G5,E5,A5,D5,C#5
j48,D5,C5,A5,D5,C5,A5,D5,C5,A5,D5
randomforests,D5,C5,A5,D5,C5,A5,D5,C5,A5,D5
oner,D5,C5,Bb,G5,C5,Bb,G5,C5,Bb,G5
markov,Am,Am,F#,G5,F5,G5,A,E5,E,D5
markov,C#m,Bm11,E,D,B5,A5,F#m,C5,Bm11,A
markov,D5,F#m,F,Bb,E,D9,F#,C#m,D,B
j48,G5,C5,Bb,G5,C5,Bb,G5,C5,Bb,G5
randomforests,G5,C5,Bb,G5,C5,Bb,G5,C5,Bb,G5
oner,G5,C5,Bb,G5,C5,Bb,G5,C5,Bb,G5
markov,E5,D5,G,G,B5,B,A,B,C#,E
markov,G5,C5,G6,Em,Am,F#,C#,Bb,E,Em
markov,B,Bb,A5,D,F,G,B,B,C#5,B
j48,G5,Am,A5,A5,D5,Am,F5,G5,Am,A5
randomforests,G5,C5,Bb,C5,D5,C5,D5,D5,E5,E5
oner,G5,C5,Bb,G5,C5,Bb,G5,C5,Bb,G5
markov,F#,G5,C#,E,D5,G5,G5,Am,A5,E
markov,D,D,Bb,G7,Em,B,E,G,D5,Am
markov,G6,Bb,E,D,D5,D,C#,G5,A,E
j48,E7,F,F#,G,D,A,G,D,A,G
randomforests,E7,F,F#,G,D,A,G,D,A,G
oner,G,D,D,D,D,D,D,D,D,D
markov,F#m,Bb,D,C,Bm,C#m,Am,D5,Bm,D
markov,D5,C5,C5,C,B,C,Am,A,B5,F#m
markov,B,G7,C5,B,E5,D,D,C5,D5,C5
j48,B,E,C#m,E,B,E,C#m,E,B,E
randomforests,B,E,B,C#m,F#,E,B,B,E,B
oner,B,E,B,E,B,E,B,E,B,E
markov,G,A,B,C#,E,F9,G5,F#m,E,F#m
markov,Db,C,C9,A,F9,A,C#,G5,A5,A
markov,A5,Bb/C,B5,G,D,B,C5,Bb,B,C5
j48,G#,A,G,A,G,A,G,A,G,A
randomforests,G#,A,C#,C,B,F#m,A,F#m,C#,C
oner,G#,A,G,D,D,D,D,D,D,D
markov,F9,G5,D5,G5,F#m,A,A,B5,G5,G5
markov,Bm,G,A5,F#m,Bm,F#m,C,D5,B,C
markov,D,C,C#,D,Bb/C,C,B,C,C#m,C5
j48,Em,G,Bm,Em,G,Bm,Em,G,Bm,Em
randomforests,Em,G,Bm,Em,G,Bm,Em,G,Bm,Em
oner,Em,G,D,D,D,D,D,D,D,D
markov,B,C5,A,G,G5,G5,B,Bm11,C,G
markov,E5,C#,F#m,B5,A,B5,C#5,E5,G,A
markov,G5,E5,Bm,D,C#,B,D5,B5,Em,D
j48,G,D,A,G,D,A,G,D,A,G
randomforests,G,D,A,G,D,A,G,D,A,G
oner,G,D,D,D,D,D,D,D,D,D
markov,E,C,A,F,E,B,F#m,C#,C,B
markov,B,C,C,A,A,C#,B5,F,A,E5
markov,C#m,Am,A,B,D5,C9,B,G5,C#5,A5
j48,B,E,C#m,E,B,E,C#m,E,B,E
randomforests,B,E,B,C#m,F#,E,B,B,E,B
oner,B,E,B,E,B,E,B,E,B,E
markov,C5,C#m,B,D,F5,B5,B,E,Bb,C
markov,Bm,G,C,B,C#,G,C,D,D5,E
markov,G,C5,G,G5,G,Bb,C#m,E,G,C#
j48,G,D,C9,G,D,C9,G,D,C9,G
randomforests,G,D,C9,G,D,C9,G,D,C9,G
oner,G,D,D,D,D,D,D,D,D,D
markov,A,E5,B,G7,A,G#,F#,C9,F,A
markov,G5,E,Bb,C,D5,B,D,D5,F#m,D
markov,B5,Bb/C,Am,C5,D,B,G5,B,B,A
j48,Am,Em,G,Cm,D,G,Cm,D,G,Cm
randomforests,Am,Em,G,A,C,D,Em,G,A,C
oner,Am,F5,G5,C5,Bb,G5,C5,Bb,G5,C5
markov,F5,C#m,C5,G6,E5,F5,C5,D,C#,E5
markov,C9,G5,Bm,B,C,B,C5,A,F9,D5
markov,G5,B,E,A,Bb/C,B,Bm,G,G5,G
j48,F,F#,G,D,A,G,D,A,G,D
randomforests,F,F#,G,D,A,G,D,A,G,D
oner,F,C,G,D,D,D,D,D,D,D
markov,C5,A,Bb/C,G5,G,Bb/C,F#m,C#,D5,C
markov,D5,A,A5,F9,A,A,C,E,G7,B
markov,G,A,G,F#m,F#,B,E,C,G5,C
j48,Bb,G5,C5,Bb,G5,C5,Bb,G5,C5,Bb
randomforests,Bb,G5,C5,Bb,G5,C5,Bb,G5,C5,Bb
oner,Bb,G5,C5,Bb,G5,C5,Bb,G5,C5,Bb
markov,Am,C#,C5,E5,D5,B,D,C,G5,B
markov,C#,F#,E5,E,B,G,E,C5,C5,A5
markov,F9,A,B,G,B,D,E,Bb,A5,G5
j48,G5,C5,Bb,G5,C5,Bb,G5,C5,Bb,G5
randomforests,G,D/F#,E,E,G,D/F#,E,E,G,D/F#
oner,G5,C5,Bb,G5,C5,Bb,G5,C5,Bb,G5
markov,A,Am,E,C5,G6,D5,C,C,C#m,G
markov,E,E,C5,E,E5,A,C9,D5,B5,B5
markov,Bb/C,C5,C5,G5,C#m,E5,F5,G,A,F#m
j48,C5,Bb,G5,C5,Bb,G5,C5,Bb,G5,C5
randomforests,C5,Bb/C,D5,C5,Bb/C,C5,Bb/C,D5,C5,Bb/C
oner,C5,Bb,G5,C5,Bb,G5,C5,Bb,G5,C5
markov,E,E,G6,G,G5,E,C#,E,G5,B
markov,C#,A5,E,G5,G,A,D5,A,F#,E
markov,B,Am,G5,D5,C5,C5,E,F#m,B5,A
j48,G,F,G,F,G,F,G,F,G,F
randomforests,G,F,G,F,G,F,G,F,G,F
oner,C,G,D,D,D,D,D,D,D,D
markov,C,F#,E7,B,D5,F,Bm7,A,E5,B
markov,Bb,D5,G5,A,C#m,B,C#,B,B5,C
markov,F#,D5,F#m,B5,Bb,F#,D,E,B5,D
j48,Bm11,D9,G6,Bm11,D9,G6,Bm11,D9,G6,Bm11
randomforests,Bm11/D,Bm11/C#,Bm11,Bm,Em,G,Bm,Em,G,Bm
oner,Bm11,D9,G6,Bm11,D9,G6,Bm11,D9,G6,Bm11
markov,G6,C,Am,E5,D5,G#,E5,B,B,E
markov,C#,G5,B,C#m,F#,D,G6,Bm,C,B5
markov,C,C,D5,A,F#m,C5,G,F#m,G,E
j48,D,A,C,A,E,D#,D,A,C,A
randomforests,D,A,C,A,E,D#,D,A,C,A
oner,D,D,D,D,D,D,D,D,D,D
markov,C5,A,C#m,E,F#m,C5,C,E5,A/C#,E
markov,G#,C#,G5,C,A,B5,F#m,E,C#,D
markov,G5,E,D9,A5,D,E,Bb,C#m,F#m,F#m
j48,Em,C,D,G,Bm,Em,G,Bm,Em,G
randomforests,Em,C,D,G,Bm,Em,G,Bm,Em,G
oner,Em,G,D,D,D,D,D,D,D,D
markov,C#5,C#m,B,E,A,Bm,C#5,D5,C7-/13,B
markov,D,C#,F#,E,E5,C,F#,C#m,C5,B
markov,D,E,A,A,E,E,G5,G5,A,E5
j48,D9,G6,Bm11,D9,G6,Bm11,D9,G6,Bm11,D9
randomforests,D9,G6,Bm11,D9,G6,Bm11,D9,G6,Bm11,D9
oner,D9,G6,Bm11,D9,G6,Bm11,D9,G6,Bm11,D9
markov,G5,F#m,G5,A,B,B,B,D,C#m,B
markov,D5,B5,G,F#m,G5,A,Bb,E5,A,C
markov,B5,C#,E,E,C,F#,B,B,D,C#5
j48,C,D,E,C,D,E,C,D,E,C
randomforests,C,D,E,C,D,E,C,D,E,C
oner,C,G,D,D,D,D,D,D,D,D
markov,A5,G6,G,D9,A,E,C#,C5,D,Bm11/C#
markov,D5,E,E,A,F#m,D5,C#5,B,E5,A
markov,C9,G5,B,D5,Bb,A,D,G5,F9,F#m
j48,C5,Bb,G5,C5,Bb,G5,C5,Bb,G5,C5
randomforests,C5,Bb,G5,C5,Bb,G5,C5,Bb,G5,C5
oner,C5,Bb,G5,C5,Bb,G5,C5,Bb,G5,C5
markov,G5,F#,B,D5,B,Bb,E,C5,E,C
markov,Bm11,B,G,C5,D5,F#m,G5,A5,Db,G
markov,A,C#,C#m,E5,E,B,B,B,E,B
j48,E,G,E,D#,D,D,G,G#,A,G
randomforests,E,G,E,D#,D,D,G,G#,A,C
oner,E,B,E,B,E,B,E,B,E,B
markov,E5,E5,C,C,G,Em,Bb,A5,G5,G
markov,C#m,G6,A,G,E,G,F#m,D,F#,B5
markov,B,D,Em,A,C#m,E,Am,A,E,G5
j48,D5,C5,A5,D5,C5,A5,D5,C5,A5,D5
randomforests,D5,C5,A5,D5,C5,A5,D5,C5,A5,D5
oner,D5,C5,Bb,G5,C5,Bb,G5,C5,Bb,G5
markov,C#m,E5,Bm11,F#m,D,Bm,F#m,D5,A,Am
markov,F5,A,G,C#5,E,E5,C,C#,A,Bb
markov,G7,D,Bm11,G,B,D5,B,B,D,F#m
j48,Am,Em,G,Cm,D,G,Cm,D,G,Cm
randomforests,Am,Em,G,A,C,D,Em,G,A,C
oner,Am,F5,G5,C5,Bb,G5,C5,Bb,G5,C5
markov,F#m,D5,E,B,Bb,G,B,C9,A5,G
markov,D5,B,D,C#m,A,A,C,A,C,A
markov,G5,A,C#5,A5,E5,F#m,E5,G5,E5,E
j48,G5,B5,A5,F#5,G5,B5,A5,F#5,G5,B5
randomforests,G5,B5,A5,F#5,G5,B5,A5,F#5,G5,B5
oner,G5,C5,Bb,G5,C5,Bb,G5,C5,Bb,G5
markov,G5,C5,G,C,G,E,A5,F#m,D,A
markov,F5,A,B,Bb,Am,C,A,A,G,A
markov,Am,G,A5,E5,B5,G,A5,D,Am,G
j48,E,B,E,C#m,E,B,E,C#m,E,B
randomforests,E,B,E,C#m,E,B,E,C#m,E,B
oner,E,B,E,B,E,B,E,B,E,B
markov,G,C5,G,Bm,C#,F5,G,C,D5,E5
markov,D5,E5,C,E5,C,C#,C,Bm,Bm7,B
markov,C#,Bm,C#,D5,F#,D5,E,Bm,A,Bm11/D
j48,G,D,A7,G,D,A,G,D,A,G
randomforests,G,D,A7,G,D,A,G,D,A,G
oner,G,D,D,D,D,D,D,D,D,D
markov,Bb,G5,E,Em,B,Bm11,E,A,E5,Bb
markov,G5,E,B,C5,C#m,Am,G,D9,D5,D
markov,E,A5,F5,E5,C#m,E,C#,F,F9,B
j48,G5,B5,A5,F#5,G5,B5,A5,F#5,G5,B5
randomforests,G5,B5,A5,F#5,G5,B5,A5,F#5,G5,B5
oner,G5,C5,Bb,G5,C5,Bb,G5,C5,Bb,G5
markov,C#m,A,G5,G7,C5,G,Bb/C,Am,A,C#
markov,C5,F5,E,F#m,Bm,E5,F#,F#m,A,A5
markov,B,Bm,A,C,B,B5,E,F#m,C#m,A5
j48,E5,B5,A5,B5,A5,E5,B5,A5,B5,A5
randomforests,G5,A5,G5,E5,G5,A5,G5,E5,G5,A5
oner,E5,E5,E5,E5,E5,E5,E5,E5,E5,E5
markov,C#m,B5,Am,B,E,G,G,E,B,D
markov,C5,C,B,A#,C#,F5,B,E,B,F#
markov,G5,E,D5,G,G,D5,C,C#,D,C5
j48,G,Am,G,D,A,G,D,A,G,D
randomforests,G,G5,G5,G,C,F9,C,G,G,C
oner,G,D,D,D,D,D,D,D,D,D
markov,C,E,G,G5,B,A,G,A5,C,A5
markov,B,E,Bm7,B,E5,B,E,D5,Bb,E
markov,B5,C,A,A,B,A,E,C#,B,A5
j48,G,D,A,G,D,A,G,D,A,G
randomforests,G,D,A,G,D,A,G,D,A,G
oner,G,D,D,D,D,D,D,D,D,D
markov,E,C#,E,F#,F#m,G5,C,E,E,B5
markov,E,B,G5,A,B,A,A#,E5,A5,Bm
markov,D,F#m,D5,G,F#m,F#m,D5,C,G,B
j48,Bm11,D9,G6,Bm11,D9,G6,Bm11,D9,G6,Bm11
randomforests,Bm11/D,Bm11/C#,Bm11,Bm,Em,G,Bm,Em,G,Bm
oner,Bm11,D9,G6,Bm11,D9,G6,Bm11,D9,G6,Bm11
markov,A5,F5,C#m,B,C#5,G,E,B5,Bm,D5
markov,Bb,C#,F#m,C,A5,C5,C5,D,F9,A
markov,D5,A,A,G5,B,D5,C9,A,G5,C#m
j48,C,Bb,C,G,Bb,C,G,C,G,F
randomforests,C,Bb,C,G,Bb,C,G,C,G,F
oner,C,G,D,D,D,D,D,D,D,D
markov,E,E,F5,Bb/C,F#5,Am,B,G#,F#m,A
markov,C5,B,A,G,B,A,G,B,A,B
markov,E,D,C5,G,G6,C,C,G5,D,C5
j48,Em,G,Bm,Em,G,Bm,Em,G,Bm,Em
randomforests,Em,G,Bm,Em,G,Bm,Em,G,Bm,Em
oner,Em,G,D,D,D,D,D,D,D,D
markov,E5,Am,D,E,G,Am,D,G#,G5,F#
markov,G,Bm,G,F9,A,B,D,A,G,G7
markov,Bm11,E5,B5,C5,C#5,E,E5,E5,A,F#
j48,G#,A,G,A,G,A,G,A,G,A
randomforests,G#,A,G,A,F#,A,F,A7,E7,D
oner,G#,A,G,D,D,D,D,D,D,D
markov,Bb,G5,A5,D,F5,C#m,C5,B,Bb,G7
markov,F#m,C9,G5,E,G5,Bm11,G,B5,B,C9
markov,A,C5,D5,B,C5,G,B,G#,A,E7
j48,E,G,E,D#,D,D,G,G#,A,G
randomforests,E,G,E,D#,D,D,G,G#,A,C
oner,E,B,E,B,E,B,E,B,E,B
markov,F#5,B5,D5,B,C5,A,A,C,F#,Em
markov,G5,E5,B5,G,C7-/13,D5,B,A,C,B
markov,C#,C#m,F#,D5,Bb/C,A,Bb/C,C#m,E5,C9
j48,A,Bm,D,Bm,G,A,Bm,D,Bm,G
randomforests,A,Bm,D,Bm,G,A,Bm,D,Bm,G
oner,A,G,D,D,D,D,D,D,D,D
markov,C5,E,A5,E5,C5,G,C5,C5,Bm,B
markov,B,G7,D,G,D,A,G,B,D,C#5
markov,D,F#m,E,G,C,D,A5,E,D,C#
j48,C7-/13,B,F#m,A/C#,C7-/13,B,F#m,A/C#,C7-/13,B
randomforests,C7-/13,B,F#m,A/C#,C7-/13,B,F#m,A/C#,C7-/13,B
oner,C7-/13,B,E,B,E,B,E,B,E,B
markov,C#m,A,E,G,E5,C#,G,F#,E,A
markov,E,A,C,Am,A,D,C,C,G,Em
markov,E,C5,C5,C,B,C,C#,D5,E,D
j48,C5,Bb/C,D5,C5,Bb/C,C5,Bb/C,D5,C5,Bb/C
randomforests,C5,Bb/C,D5,C5,Bb/C,C5,Bb/C,D5,C5,Bb/C
oner,C5,Bb,G5,C5,Bb,G5,C5,Bb,G5,C5
markov,C,F#5,F#m,C#,B,B,C,G6,A,C5
markov,D,E,C5,F#m,B,F#m,C5,A,Bm11,C
markov,E,E,D,D5,D5,D,B,Am,C5,E5
j48,B,E,C#m,E,B,E,C#m,E,B,E
randomforests,A,G,D/F#,A,G,D/F#,A,G,D/F#,A
oner,B,E,B,E,B,E,B,E,B,E
markov,E5,F5,B5,Bb,C#,E,G5,B,Am,B5
markov,A,G5,G,E5,C5,D,F#m,Bb/C,E5,G
markov,A,F5,D,Bm,C#m,F#m,B,Am,F#m,B
j48,F,C,G,D,D,D,D,D,D,D
randomforests,F,C,G,D,D,D,D,D,D,D
oner,F,C,G,D,D,D,D,D,D,D
markov,B5,G,Bb,G5,E5,C#,E5,G5,C5,G5
markov,C#m,A,A,F#m,C#,C7-/13,C,C#m,B,B
markov,Am,F#5,C#,D,G5,G5,C5,E,B,E
j48,E,A,B,E,F#,E,F#,E,C#m,F#
randomforests,E,A,B,E,F#,F#,E,A,B,E
oner,E,B,E,B,E,B,E,B,E,B
markov,B,C#,C5,G5,Bm11,C5,G,Bm,G5,E
markov,Bm,B,Am,F#m,A,G,C5,Bb,G,C
markov,Bm,C,A,G5,C9,D,C,B,B,B
j48,B5,A5,B5,A5,E5,B5,A5,B5,A5,E5
randomforests,B5,G5,E5,E5,A5,D5,C#5,B5,G5,E5
oner,B5,A5,D5,C5,Bb,G5,C5,Bb,G5,C5
markov,D5,A5,A,E,Bm,A,Bm,F5,A,B
markov,Bb/C,F9,D5,C,C5,Bb,C9,C5,C5,B
markov,Bm,G#,D5,A,B,D,D,G5,Bm,C
j48,G5,E,Bb5,G5,E,Bb5,G5,E,Bb5,G5
randomforests,G5,E,Bb5,G5,E,Bb5,G5,E,Bb5,G5
oner,G5,C5,Bb,G5,C5,Bb,G5,C5,Bb,G5
markov,A/C#,D5,C,B,C,B5,C,C5,C#,Em
markov,Am,F5,G,G,D,E,G,Bb/C,C5,G
markov,F,F#,E,E7/9,C#,G5,C#m,F#,E,G5
j48,G,Cm,D,G,Cm,D,G,Cm,D,G
randomforests,G,Cm,D,G,Cm,D,G,Cm,D,G
oner,G,D,D,D,D,D,D,D,D,D
markov,C#m,F#,B5,A,F#m,Bm,Bb/C,A,D,D5
markov,G5,A,D5,B,D5,Am,F5,C5,D5,G
markov,C#,E,A,B,Bm,E,Bm11,C#m,Bm,C
j48,F#m,A/C#,C7-/13,B,F#m,A/C#,C7-/13,B,F#m,A/C#
randomforests,F#m,A/C#,C7-/13,B,F#m,A/C#,C7-/13,B,F#m,A/C#
oner,E,B,E,B,E,B,E,B,E,B
markov,E5,B,Bb,G5,Bm,F#,A,A5,E,C5
markov,G,G,A5,D,A,A,Em,A,B,G
markov,F5,E5,A5,B,E5,D,A,F5,F5,D5
j48,G,D,D,D,D,D,D,D,D,D
randomforests,G,D,D,D,D,D,D,D,D,D
oner,G,D,D,D,D,D,D,D,D,D
markov,C5,G,G5,D,F#m,E5,Bm11,C,A,Bb
markov,F,D5,G,C,C5,G5,C,A5,F#,Bb
markov,B,D,E,C,C5,E,C#m,D9,G5,A5
j48,G,D,C9,G,D,C9,G,D,C9,G
randomforests,G,D,C9,G,D,C9,G,D,C9,G
oner,G,D,D,D,D,D,D,D,D,D
markov,C#,E5,E,C#5,F#m,Bb,A,D,A,G
markov,Bb,C,Bm,F#m,A,G,B,C,Em,C
markov,D,D,C5,C#m,F#,B,C,Am,C9,F#
j48,G,Bm,Em,G,Bm,Em,G,Bm,Em,G
randomforests,E5,G,D/F#,E5,G,D,A,G,D,A
oner,G,D,D,D,D,D,D,D,D,D
markov,D5,Am,C#5,A5,G,B,C5,Am,F#,A5
markov,E,A,A,C,D5,B,Bb,D,D5,G5
markov,Bm11,C5,A5,D5,B,C5,G,G,F#m,G5
j48,G,D,D,D,D,D,D,D,D,D
randomforests,G,D,D,D,D,D,D,D,D,D
oner,G,D,D,D,D,D,D,D,D,D
markov,A,E,F#m,C#,B,D,B,D5,C,C#
markov,Em,C#,G,A,E,C5,B,Bb,D5,F#m
markov,D5,C5,A,C5,Bb,E,G,G5,A,C
j48,D/A,G,Bm,Em,G,Bm,Em,G,Bm,Em
randomforests,D/A,G,Bm,Em,G,Bm,Em,G,Bm,Em
oner,D/A,G,D,D,D,D,D,D,D,D
markov,F#,C#,Bb,D5,G5,G5,Bm,F5,C,A
markov,D5,E5,Bb,C#m,B,G5,G6,C#m,D5,Bm
markov,C5,Bb,Em,A,D5,C5,D5,F#m,F#,F9
j48,C5,Bb,G5,C5,Bb,G5,C5,Bb,G5,C5
randomforests,C5,Bb/C,D5,C5,Bb/C,C5,Bb/C,D5,C5,Bb/C
oner,C5,Bb,G5,C5,Bb,G5,C5,Bb,G5,C5
markov,E,Am,F5,A,D,D9,Em,B,E,G
markov,Am,C#,A,E,F#,B,F#5,A5,Bm11,E
markov,E,C5,B,E5,F#m,G5,C,Em,C#m,B
j48,B5,A5,B5,A5,E5,B5,A5,B5,A5,E5
randomforests,B5,G5,E5,E5,A5,D5,C#5,B5,G5,E5
oner,B5,A5,D5,C5,Bb,G5,C5,Bb,G5,C5
markov,G,C#m,F#m,B,F#m,D,C,D5,B,Bb/C
markov,G,A,E,C#m,B,C#,A5,D5,Em,C#5
markov,Bm11/D,E,B,C5,A,Bb/C,A,F#5,B,Bb/C
j48,C,Bb,C,G,Bb,C,G,C,G,F
randomforests,C,Bb,C,G,Bb,C,G,C,G,F
oner,C,G,D,D,D,D,D,D,D,D
markov,C#,Bb,C5,A,G,C9,F#m,Em,D,D
markov,Em,F#m,C,A,D,D5,D,F#m,Am,B
markov,G5,F#,C#m,D5,G5,D,D9,G5,F#m,G5
j48,E,B,E,C#m,E,B,E,C#m,E,B
randomforests,E,B,E,C#m,E,B,E,C#m,E,B
oner,E,B,E,B,E,B,E,B,E,B
markov,F,D9,C#,C,D,C,Am,G5,G5,C5
markov,B5,G5,Em,G6,D5,Bm,G,A,Bm,D
markov,G,B5,D5,B5,G6,G5,G,G7,C#5,C#m
j48,Em,C,D,G,Bm,Em,G,Bm,Em,G
randomforests,Em,C,D,G,Bm,Em,G,Bm,Em,G
oner,Em,G,D,D,D,D,D,D,D,D
markov,Am,Em,Am,E5,Em,C5,G5,A5,Em,B
markov,C#,C,D,G6,G5,C#5,G,C,C5,C5
markov,D5,D,C5,C#,E,Bb,D,E,F#m,A5
j48,E5,E5,E5,G,D,A,G,D,A,G
randomforests,G,Cm,D,G,Cm,D,G,Cm,D,G
oner,E5,E5,E5,E5,E5,E5,E5,E5,E5,E5
markov,G,C,C#5,Bb,E,C,D5,E5,F5,E
markov,D5,F5,C5,F#m,F#m,C5,A,B,C#,G
markov,C,B,Bm,E,B,E,Bb/C,A5,B,Am
j48,Bm11,D9,G6,Bm11,D9,G6,Bm11,D9,G6,Bm11
randomforests,Bm11/D,Bm11/C#,Bm11,Bm,Em,G,Bm,Em,G,Bm
oner,Bm11,D9,G6,Bm11,D9,G6,Bm11,D9,G6,Bm11
markov,A5,A5,B,Bb,C#m,E,C#5,B,Bb,Bb
markov,Bb/C,E,A5,C#5,Em,D5,C#,Bb/C,F#m,D5
markov,E5,E,C,D5,F5,E5,C#,Bb,G5,E5
j48,Am,Em,Am,D,G,Cm,D,G,Cm,D
randomforests,Am,Em,Am,D,G,Em,Am,D,G,Em
oner,Am,F5,G5,C5,Bb,G5,C5,Bb,G5,C5
markov,Bb,E5,E5,Bb,Em,F#m,G5,F9,D5,A5
markov,F#,Bb,D5,F#m,B5,G,G,B,D,G
markov,E,E,G5,E,C,F#m,G,B,C5,D5
j48,C,Bb,C,G,Bb,C,G,C,G,F
randomforests,C,Bb,C,G,Bb,C,G,C,G,F
oner,C,G,D,D,D,D,D,D,D,D
markov,E,F#,E,G,C,B,C,C9,E5,D5
markov,D9,C5,D5,E5,C5,C#,D,A,D5,G
markov,C5,A,D,A,G5,G,A,C,Bm,B
j48,G5,Am,A5,A5,D5,Am,F5,G5,Am,A5
randomforests,G5,C5,Bb,C5,D5,C5,D5,D5,E5,E5
oner,G5,C5,Bb,G5,C5,Bb,G5,C5,Bb,G5
markov,D5,C#m,G5,A,Bm,G5,G7,C9,G,C
markov,B,D5,A5,A,Bb/C,Bm7,D5,E,C9,C
markov,E,D,C,A#,G5,C#m,Em,C5,D,F#
j48,G,D,A,G,D,A,G,D,A,G
randomforests,G,D,A,G,D,A,G,D,A,G
oner,G,D,D,D,D,D,D,D,D,D
markov,D,D,E,B,E,A,E,C,D,E
markov,A,Am,G5,C,C,F9,C5,F#m,Bm,G
markov,G#,B,G6,G,F#,G5,C,E,Bb,G6
j48,C5,Bb,G5,C5,Bb,G5,C5,Bb,G5,C5
randomforests,C5,Bb,G5,C5,Bb,G5,C5,Bb,G5,C5
oner,C5,Bb,G5,C5,Bb,G5,C5,Bb,G5,C5
markov,C5,C5,E,D,C#m,C#5,A5,Am,B,G
markov,B,G5,F#m,B,A,C5,C#5,G5,D,Bm
markov,A,A,C,Bb/C,G5,Bm,B,G,B,D
j48,G6,Bm11,D9,G6,Bm11,D9,G6,Bm11,D9,G6
randomforests,G6,Bm11,D9,G6,Bm11,D9,G6,Bm11,D9,G6
oner,G6,Bm11,D9,G6,Bm11,D9,G6,Bm11,D9,G6
markov,G,G,Bb,C,C,A5,D,C#m,C,E
markov,E,G,Am,B5,D5,C5,F#,E,C5,F5
markov,Bb,Bm,F9,C5,Bm,Am,B,C#m,C#m,G5
j48,B,D,E,A,B,D,A,B,D,E
randomforests,B,D,E,A,B,D,A,B,D,E
oner,B,E,B,E,B,E,B,E,B,E
markov,C#,C,B,C5,F#m,Em,Em,C5,Am,G5
markov,A,C,E,B5,D,G6,F#m,G,F#,E5
markov,Bm,C#,B,C5,E5,F9,C#,A,A/C#,Bb
j48,E,C,D,E,C,D,E,C,D,E
randomforests,E,C,B,A,G,F#m7,E,C,B,A
oner,E,B,E,B,E,B,E,B,E,B
markov,B5,B,B,D5,A5,G5,C,E,D,A
markov,Bb/C,D9,D5,B,A,C,Bm,G,C5,C
markov,C#5,C5,C,C7-/13,C#m,G5,G,F,E5,F#
j48,G5,E,Bb5,G5,E,Bb5,G5,E,Bb5,G5
randomforests,G5,E,Bb5,G5,E,Bb5,G5,E,Bb5,G5
oner,G5,C5,Bb,G5,C5,Bb,G5,C5,Bb,G5
markov,C#m,A,D5,G,C,C,E5,G,Am,F9
markov,B,Am,F,D5,B,E,Bb,Bm,C,F#m
markov,G,G,B,F5,D5,D5,Bb,F#,A/C#,C5
j48,D5,C5,A5,D5,C5,A5,D5,C5,A5,D5
randomforests,D5,C5,A5,D5,C5,A5,D5,C5,A5,D5
oner,D5,C5,Bb,G5,C5,Bb,G5,C5,Bb,G5
markov,E5,E,Bm,Em,B,C5,G6,G,G5,C#
markov,D5,B,E5,B5,A,C,A,G5,A,D5
markov,A,C,Am,G,Bm,A5,A5,F#m,F5,G5
j48,D/A,G,Bm,Em,G,Bm,Em,G,Bm,Em
randomforests,D/A,G,Bm,Em,G,Bm,Em,G,Bm,Em
oner,D/A,G,D,D,D,D,D,D,D,D
markov,E5,A,A,D5,Bb,C#,Am,C5,B,Bm
markov,A,E,G5,Am,Am,E,G5,D,G,B
markov,D5,G7,B,C#m,C5,E,E,A,F#5,B
j48,G,D,A,G,D,A,G,D,A,G
randomforests,G,D,A,G,D,A,G,D,A,G
oner,G,D,D,D,D,D,D,D,D,D
markov,C#m,Bb,E5,D,C#,C,D5,A,Bm,G
markov,B,D5,A,E5,D,B5,C#,A,Bm,C#
markov,F,E5,G,Am,Bb,G5,D,Bb,G5,A5
j48,E,B,E,C#m,E,B,E,C#m,E,B
randomforests,E,B,E,C#m,E,B,E,C#m,E,B
oner,E,B,E,B,E,B,E,B,E,B
markov,C,A,D,C#,E,A,G,B5,Bm,Bb
markov,E,B,E5,B5,G,C,Am,B,B,G
markov,G5,F#,Bb,D,F#m,B5,A,C,B,B
j48,E5,E5,E5,G,D,A,G,D,A,G
randomforests,E5,Bb/C,C5,Bb/C,D5,C5,Bb/C,C5,Bb/C,D5
oner,E5,E5,E5,E5,E5,E5,E5,E5,E5,E5
markov,E,C,F#,E,A5,F#,F5,F5,F#5,G5
markov,Em,E5,B,F#m,D5,F#,A5,A,F9,G5
markov,C,B,G5,C5,G5,C5,G5,C5,D5,A5
j48,A,G,F#,B,A,B,F#,E,D,G
randomforests,A,G,F#,G,B,A,G,B,A,G
oner,A,G,D,D,D,D,D,D,D,D
markov,Bm,A,B,C#,C#,G5,B,C5,C#,F#m
markov,B,G5,Bm11,B,G,A5,Bm7,G,A,D
markov,Bb,C#m,D,C#m,F9,D5,E,B,Bb,A
j48,Bm11,D9,G6,Bm11,D9,G6,Bm11,D9,G6,Bm11
randomforests,Bm11/D,Bm11/C#,Bm11,Bm,Em,G,Bm,Em,G,Bm
oner,Bm11,D9,G6,Bm11,D9,G6,Bm11,D9,G6,Bm11
markov,C,E,E5,C5,F5,B5,B,Bb,D,D
markov,A,F,A5,C#5,C5,E,G5,B,C5,G
markov,D5,G,C7-/13,B,A,Am,G7,C#m,C5,D
j48,D/A,G,Bm,Em,G,Bm,Em,G,Bm,Em
randomforests,D/A,G,Bm,Em,G,Bm,Em,G,Bm,Em
oner,D/A,G,D,D,D,D,D,D,D,D
markov,A,E5,Am,E5,G,E5,C5,A5,G5,G5
markov,Am,Bm,G5,F#m,D5,F#,C#m,F#m,C5,B
markov,E,E,Bm11,E,C5,A,D,Bb,C#,G5
j48,E,C#m,E,B,E,C#m,E,B,E,C#m
randomforests,E,B,C#m,F#,E,B,B,E,B,C#m
oner,E,B,E,B,E,B,E,B,E,B
markov,E5,A,C,C5,F#m,D,D,G5,C5,A5
markov,C#m,B,C#m,B,C#m,B,C#m,B,C#m,B
markov,Bm,D5,D5,Am,G,Bm,C,B,G,C#
j48,Em,G,Bm,Em,G,Bm,Em,G,Bm,Em
randomforests,Em,G,Bm,Em,G,Bm,Em,G,Bm,Em
oner,Em,G,D,D,D,D,D,D,D,D
markov,F#,C#,G5,G5,A5,G5,B,G,D,E5
markov,E,F9,Bm11,D5,Bb,B,E,A,D5,D
markov,C,F9,B,E,C#,E5,Bm,C5,D5,C5
j48,G,D,A,G,D,A,G,D,A,G
randomforests,G,D,A,G,D,A,G,D,A,G
oner,G,D,D,D,D,D,D,D,D,D
markov,F#7,C#m,C5,F9,A5,G5,E5,C5,C#m,E5
markov,E,C,B,G5,A,D,D5,A5,C5,E5
markov,A5,D,G,G5,C,Bb,F#m,C#,A5,Bm
j48,G5,B5,A5,F#5,G5,B5,A5,F#5,G5,B5
randomforests,G5,B5,A5,F#5,G5,B5,A5,F#5,G5,B5
oner,G5,C5,Bb,G5,C5,Bb,G5,C5,Bb,G5
markov,A5,G,D5,C,A,B,G5,C,G5,C7-/13
markov,D5,C#,G,E,A,C5,G,B5,Am,G5
markov,G,B,D,B,E,G5,B,C#m,Bm11,D5
j48,A,G,F#,B,A,B,F#,E,D,G
randomforests,A,G,F#,G,B,A,G,B,A,G
oner,A,G,D,D,D,D,D,D,D,D
markov,B,C,C#,E5,C#,B,Bm7,G,A5,Db
markov,D5,G5,C,D5,Bb,B,A,B,B,Bb/C
markov,D,G5,D,C#m,Em,C5,B5,G5,C9,C
j48,E,C,D,E,C,D,E,C,D,E
randomforests,E,C,B,A,G,F#m7,E,C,B,A
oner,E,B,E,B,E,B,E,B,E,B
markov,B,C#,G,C#,Bb,A5,D,C#m,G5,E
markov,G5,Em,C#5,Bb,B,A,G5,C#,B5,A
markov,D,F#,C#,C#,G,F#,D,Bm,D,Em
j48,D,G,Cm,D,G,Cm,D,G,Cm,D
randomforests,D,G,Cm,D,G,Cm,D,G,Cm,D
oner,D,D,D,D,D,D,D,D,D,D
markov,Bb,B,Am,E,A,G5,C5,E,G5,D5
markov,B5,F#,G5,C#,Am,B5,D5,C#m,Bb,C9
markov,C5,C,A,Bm,A,Am,D,G7,G,C
j48,Bm11/C#,Bm11,D9,G6,Bm11,D9,G6,Bm11,D9,G6
randomforests,Bm11/C#,Bm11/D,Bm11/C#,Bm11,Bm,Em,G,Bm,Em,G
oner,Bm11/C#,Bm11,D9,G6,Bm11,D9,G6,Bm11,D9,G6
markov,E,G5,G5,G5,A,E,D,C,F#m,F
markov,C#m,C#m,G,E7,Bm,A,D,E,Bm,C#
markov,G5,B,G,G5,C,F#,B,D5,G,A
j48,C7-/13,B,F#m,A/C#,C7-/13,B,F#m,A/C#,C7-/13,B
randomforests,C7-/13,B,F#m,A/C#,C7-/13,B,F#m,A/C#,C7-/13,B
oner,C7-/13,B,E,B,E,B,E,B,E,B
markov,D,E7,G,F#,E,D5,Em,C,D5,Bb
markov,C7-/13,C#,E,A,B,C7-/13,D,B,F#m,B
markov,C,B,E,C#m,B,C#m,F#,B,C#m,F#
j48,F,C,G,D,D,D,D,D,D,D
randomforests,D,A,E7,F,F#,G,D,A,G,D
oner,F,C,G,D,D,D,D,D,D,D
markov,C5,G5,A5,G5,F5,G,E5,C,C,D
markov,G,E,Em,A,C,F#5,C,C#m,F#m,A5
markov,E,D,F#m,A5,B,E5,G,D5,D,Bb/C
j48,G,D,A,G,D,A,G,D,A,G
randomforests,F#m,A,E,D#,D,A,C,A,E,D#
oner,G,D,D,D,D,D,D,D,D,D
markov,C,G5,C5,E,E,C5,A,D5,E5,Bb
markov,A5,B,B,C5,F#,A,F#m,G5,A,F#m
markov,G,D,F#,B5,G5,A,F#m,E,C#,E5
j48,Am,Am,F5,G7,Am,Am,F5,G7,Am,Am
randomforests,Am,Am,F5,G7,Am,Am,F5,G7,Am,Am
oner,Am,F5,G5,C5,Bb,G5,C5,Bb,G5,C5
markov,C#m,B,E5,D5,C#m,C#,B,F#,A5,B
markov,Bb,B,C#5,D,C#m,C5,Em,F#m,C#m,E5
markov,A,C,A5,B,C#,Bb,D5,B,B,C
j48,F,C,G,F,C,G,F,C,G,F
randomforests,F,C,G,F,C,G,F,C,G,F
oner,F,C,G,D,D,D,D,D,D,D
markov,Bb,Bm11/D,C5,B,A5,B,Em,F#,E7/9,C#
markov,A#,E,B,D,G,D5,E5,E5,F#,Bb
markov,F#m,Bb,D5,A,D,C5,G,A,A,G5
j48,G,D,A,G,D,A,G,D,A,G
randomforests,G,D,A,G,D,A,G,D,A,G
oner,G,D,D,D,D,D,D,D,D,D
markov,F5,C5,A5,G5,G7,D,A,G5,C5,C
markov,Am,G7,F#,G5,C,F5,G6,B,D,C9
markov,C,B,A5,B,C#m,C#,Bb,A,Am,E5
j48,F#5,G5,B5,A5,F#5,G5,B5,A5,F#5,G5
randomforests,F#5,G5,C5,D5,D5,C#5,B5,D5,G5,E5
oner,E5,E5,E5,E5,E5,E5,E5,E5,E5,E5
markov,C,A,C5,A,C#,C5,F#m,D,Em,Bb
markov,A,Am,C,E5,G5,G5,B,D5,C#,C
markov,G,E,C7-/13,C5,E5,B5,F#m,F#m,B,B
j48,G,D,C9,G,D,C9,G,D,C9,G
randomforests,G,D,C9,G,D,C9,G,D,C9,G
oner,G,D,D,D,D,D,D,D,D,D
markov,D,C#5,C,D5,Bb,E,Bb,B,F5,D5
markov,G,B,E5,F#m,C,C#,G5,E,A5,C5
markov,Am,A,E5,G5,B,E,E,C#,G,D5
j48,G,D,C9,G,D,C9,G,D,C9,G
randomforests,G,D,C9,G,D,C9,G,D,C9,G
oner,G,D,D,D,D,D,D,D,D,D
markov,G,Bm11,B5,C#m,C,G7,C5,C#,G,G
markov,G5,E,A,E,C#,A,Bb/C,E,Bb,E
markov,F#m,Bb,B,A,B,E,C#m,G5,D9,C5
j48,D/A,G,Bm,Em,G,Bm,Em,G,Bm,Em
randomforests,D/A,G,Bm,Em,G,Bm,Em,G,Bm,Em
oner,D/A,G,D,D,D,D,D,D,D,D
markov,F#m,A,E,A,B,B,Bb/C,G5,D,E5
markov,Bm,E,G,E7,E,A,C,Bm,B,B
markov,F,C5,C5,F#m,C#,E,A5,Bm7,D5,D
j48,G,D,A,G,D,A,G,D,A,G
randomforests,G,C,Em,G,F,C,G,F,C,G
oner,G,D,D,D,D,D,D,D,D,D
markov,C,G5,G,D,Bm,C5,E,Am,F#,B
markov,A5,B5,E5,Bm,Bm,F#,C#,E,Bb,C
markov,F#m,C,B5,F#m,C9,D,E,E,A,F
j48,G,D,A,G,D,A,G,D,A,G
randomforests,G,A7,G,D/F#,A5,A7,E5,G,D/F#,E5
oner,G,D,D,D,D,D,D,D,D,D
markov,F#5,Bb,C,E5,C#5,B,C5,D,G5,E
markov,A,A,A,D,C#m,B5,G6,Bm,D,G
markov,C,D5,B5,E,A,Am,D5,E5,B,B
j48,G5,E,Bb5,G5,E,Bb5,G5,E,Bb5,G5
randomforests,G5,E,Bb5,G5,E,Bb5,G5,E,Bb5,G5
oner,G5,C5,Bb,G5,C5,Bb,G5,C5,Bb,G5
markov,C,D5,C#m,Bb,C,G,B,F#,F#m,C5
markov,Am,C5,A,C#,Bm,Am,E,C#m,E,C5
markov,A,A,F#,C5,A5,A,E,G5,A,C5
j48,Bm11/C#,Bm11,D9,G6,Bm11,D9,G6,Bm11,D9,G6
randomforests,Bm11/C#,Bm11/D,Bm11/C#,Bm11,Bm,Em,G,Bm,Em,G
oner,Bm11/C#,Bm11,D9,G6,Bm11,D9,G6,Bm11,D9,G6
markov,B,C,E,F#m,G5,C,C9,C#m,A5,G5
markov,C,G7,D,G,Bb,C,D5,G5,D5,C
markov,B,F,C5,A,F5,B,C#m,E,G5,D5
j48,D/A,G,Bm,Em,G,Bm,Em,G,Bm,Em
randomforests,D/A,G,Bm,Em,G,Bm,Em,G,Bm,Em
oner,D/A,G,D,D,D,D,D,D,D,D
markov,D,A,G5,C,D5,C,C,D,A5,B
markov,G,C5,E5,A,C#,B,E,G7,B,B
markov,F#,C5,G5,B5,C#m,A,F#,E,B,A5
j48,C,Bb,C,G,Bb,C,G,C,G,F
randomforests,C,Bb,C,G,Bb,C,G,C,G,F
oner,C,G,D,D,D,D,D,D,D,D
markov,C,Bm11,Bb,C,F#,C5,E,C5,C#,C#m
markov,E,A,C#,C5,D,F#,A,B,C5,G
markov,A,C5,Bb,E,C5,C,G,F#m,E7,C5
j48,C5,Bb,G5,C5,Bb,G5,C5,Bb,G5,C5
randomforests,C5,Bb,G5,C5,Bb,G5,C5,Bb,G5,C5
oner,C5,Bb,G5,C5,Bb,G5,C5,Bb,G5,C5
markov,A,C,D5,Bb,E5,B,D,E5,C5,G
markov,G,B,C#,G5,G5,F#,A5,G5,C,A
markov,G,Bb,F#,A,Em,C,C#m,C#,B,F#
j48,B5,A5,B5,A5,E5,B5,A5,B5,A5,E5
randomforests,B5,A5,B5,A5,E5,B5,A5,B5,A5,E5
oner,E5,E5,E5,E5,E5,E5,E5,E5,E5,E5
markov,C,C5,Bm11,B,D,D,E5,C#,C#5,F5
markov,E,G5,D5,B,D5,B,G,C,E5,C5
markov,Bm,G6,C,C5,G7,A,E5,C,E,G
j48,Cm,D,G,Cm,D,G,Cm,D,G,Cm
randomforests,Cm,D,G,Cm,D,G,Cm,D,G,Cm
oner,D,D,D,D,D,D,D,D,D,D
markov,G5,A,Em,A,Bm11,A5,D9,F#m,F9,C5
markov,A5,C#m,B5,C,D,B,E,E,E,B
markov,C,C,Bb,G,C#,G5,G,D5,G5,G
j48,C,B,F#m,A,F#m,C#,C,B,F#m,A
randomforests,C,B,F#m,A,F#m,C#,C,B,F#m,A
oner,C,G,D,D,D,D,D,D,D,D
markov,Bm,F#m,E5,A,C#m,G6,D,F#,C,G
markov,A,Bb,A,A,G,D,Bb,C,D9,G
markov,C,E7/9,Bm,A,G,B5,D9,F#m,C#,A
j48,C,B,F#m,A,F#m,C#,C,B,F#m,A
randomforests,C,B,F#m,A,F#m,C#,C,B,F#m,A
oner,C,G,D,D,D,D,D,D,D,D
markov,F#,E,B5,A,A,C#,Am,G,A,E
markov,D9,E5,E,B,E,D5,C#m,Bb,F#m,B
markov,C5,G5,C5,D,G5,E,C5,D9,C#m,F#5
j48,C,G,F,C,G,F,C,G,F,C
randomforests,G,A5,D5,C5,A5,D5,C5,A5,D5,C5
oner,C,G,D,D,D,D,D,D,D,D
markov,A,E,F#m,G5,Bm,C5,G5,G5,F5,C#
markov,D5,C,C#,C5,G5,B,G5,C#m,C5,C5
markov,F#,G5,A,F#m,E,B5,Bm11,C,A,Am
j48,E,B,E,C#m,E,B,E,C#m,E,B
randomforests,E,B,E,C#m,E,B,E,C#m,E,B
oner,E,B,E,B,E,B,E,B,E,B
markov,F#m,E5,C5,B,C#m,A,G5,G5,C#m,G5
markov,C,B,A/C#,A5,Am,A,A5,D,G6,G5
markov,D,C,D5,G6,G,C#m,E,B,G,Bm
j48,E,E,G,D/F#,E,E,G,D/F#,E,E
randomforests,E,E,G,D/F#,E,E,G,D/F#,E,E
oner,E,B,E,B,E,B,E,B,E,B
markov,C#,C,Bb,C,F#,G5,E,A5,C5,C
markov,G5,E,B5,Bm,D,F#,G5,A,B,C
markov,D,G5,C5,C#5,C#m,C#,F#,G5,G7,B
j48,G6,Bm11,D9,G6,Bm11,D9,G6,Bm11,D9,G6
randomforests,G6,Bm11,D9,G6,Bm11,D9,G6,Bm11,D9,G6
oner,G6,Bm11,D9,G6,Bm11,D9,G6,Bm11,D9,G6
markov,C5,Bm11,D,E5,D,F#5,B5,Bb,D5,C#m
markov,E,B,C#m,A,G5,A,C,F#5,D5,Bb
markov,B,E,C#,A,B,G,F#,B,E,G#
j48,C5,Am,F5,G5,Am,A5,A5,D5,Am,F5
randomforests,C5,Bb/C,D5,C5,Bb/C,C5,Bb/C,D5,C5,Bb/C
oner,C5,Bb,G5,C5,Bb,G5,C5,Bb,G5,C5
markov,E,E5,F#m,B,C#m,C#5,Bm,C,D,A/C#
markov,Bb,A,Bb,A5,B,E,A,B,Am,D5
markov,B,Am,D,G5,D,Bb,E,C#5,G,G5
j48,C5,Bb,G5,C5,Bb,G5,C5,Bb,G5,C5
randomforests,C5,Bb,G5,C5,Bb,G5,C5,Bb,G5,C5
oner,C5,Bb,G5,C5,Bb,G5,C5,Bb,G5,C5
markov,G7,B,C,D,Am,Bb,Am,F#m,B,D
markov,C5,G7,C#,D,C5,D5,C#m,G,A5,C
markov,Bb,Bm,B,B,C#,C#m,F#,C5,C#m,B5
j48,G5,Am,A5,A5,D5,Am,F5,G5,Am,A5
randomforests,G5,C5,Bb,C5,D5,C5,D5,D5,E5,E5
oner,G5,C5,Bb,G5,C5,Bb,G5,C5,Bb,G5
markov,C,F#m,F#5,E5,C,E,A,G,B5,D5
markov,C,G,G5,F,C#,E,B5,C5,F5,B
markov,C5,B,C,B5,E,D,C5,G7,Bb/C,A
j48,C/A,D/A,G,Bm,Em,G,Bm,Em,G,Bm
randomforests,C/A,D/A,G,Bm,Em,G,Bm,Em,G,Bm
oner,C/A,D/A,G,D,D,D,D,D,D,D
markov,C#,G,G,C,Bm11,C,E,Bm,C5,F#m
markov,C,A,C,E,B,G5,C5,A,Bb,E5
markov,G5,C,E,C#m,Bb,C#,D5,C#,G6,C
j48,A5,B5,A5,E5,B5,A5,B5,A5,E5,B5
randomforests,A5,F#5,G5,B5,A5,F#5,G5,B5,A5,F#5
oner,A5,D5,C5,Bb,G5,C5,Bb,G5,C5,Bb
markov,C#m,E,G,Bm11,A,E5,Am,Bm,A,G5
markov,C,A,F5,A,Am,D,D,A,B,C#
markov,G5,E5,C,E,C#m,A5,D,E,A,F#m
j48,E,E,G,D/F#,E,E,G,D/F#,E,E
randomforests,E,E,G,D/F#,E,E,G,D/F#,E,E
oner,E,B,E,B,E,B,E,B,E,B
markov,E5,B,B,B,B,Bm11/D,G,E,E,B
markov,C,G,Bb/C,G,C,G6,G,E5,G,B
markov,C,C9,Bm11,G,B,F,C5,C#m,Bb/C,C5
j48,C5,Bb,G5,C5,Bb,G5,C5,Bb,G5,C5
randomforests,C5,Bb/C,D5,C5,Bb/C,C5,Bb/C,D5,C5,Bb/C
oner,C5,Bb,G5,C5,Bb,G5,C5,Bb,G5,C5
markov,G,Em,F#m,A,Bm11,A,D5,C,B,B
markov,D9,C,B,C,Bm,D,D,E,E,A
markov,C#5,C,E,A5,C,F9,B,C#,C9,A
j48,A5,B5,A5,E5,B5,A5,B5,A5,E5,B5
randomforests,A5,F#5,G5,B5,A5,F#5,G5,B5,A5,F#5
oner,A5,D5,C5,Bb,G5,C5,Bb,G5,C5,Bb
markov,A,C#,Am,G,B,B5,D5,C5,B,B5
markov,C,B,D5,A5,C5,C#,Bb,G6,D,C5
markov,G5,C5,E5,C,C5,C#,Bm,E,D5,E
j48,G,D,C9,G,D,C9,G,D,C9,G
randomforests,G,D,C9,G,D,C9,G,D,C9,G
oner,G,D,D,D,D,D,D,D,D,D
markov,G5,A,C,A,Bm,C,G5,G5,E5,Am
markov,C#,C#m,C5,C#m,G5,F#m,D,E,C,C#m
markov,C,B,A5,E7/9,C#m,E,B5,C9,C,C
j48,E,A,B,E,F#,E,F#,E,C#m,F#
randomforests,E,A,B,E,F#,F#,E,A,B,E
oner,E,B,E,B,E,B,E,B,E,B
markov,C5,F9,C5,A,D,C,B,A,A,G
markov,Am,G,F#,D,F#m,A,D,F#m,C#m,G5
markov,C#,F5,C,A/C#,B,D,G5,D5,C#,F#m
j48,A,D,E,Bm,C#,E,A,D,C#m,Bm
randomforests,A,D,E,Bm,C#,E,A,D,C#m,Bm
oner,Em,G,D,D,D,D,D,D,D,D
markov,B,G5,G,D5,Bb/C,B,B,D,A5,A
markov,G,G,D5,B,D9,E,E5,B,C5,D
markov,D5,C#m,C#,B,G,A,Bm11/D,A5,C#m,F#
j48,C5,Bb,G5,C5,Bb,G5,C5,Bb,G5,C5
randomforests,C5,Bb/C,D5,C5,Bb/C,C5,Bb/C,D5,C5,Bb/C
oner,C5,Bb,G5,C5,Bb,G5,C5,Bb,G5,C5
markov,F#,A/C#,C,A/C#,G5,E,C5,E5,Bb,D5
markov,A,E5,C,E5,D5,B,B,E5,F5,G5
markov,F#m,E5,F#m,G,B5,C#,C#5,C#m,Bb/C,G
j48,Am,Am,F5,G7,Am,Am,F5,G7,Am,Am
randomforests,Am,F5,G7,Am,Am,F5,G7,Am,Am,F5
oner,Am,F5,G5,C5,Bb,G5,C5,Bb,G5,C5
markov,D,D5,C#m,A5,F#,Bb,E5,F#m,C,C
markov,C#,D5,F#,C5,D,G5,E,G,F#m,G6
markov,C,Bb,E5,C#,C5,G5,A5,A,Am,D5
j48,D5,C5,Bb/C,C5,Bb/C,D5,C5,Bb/C,C5,Bb/C
randomforests,D5,C5,Bb/C,C5,Bb/C,D5,C5,Bb/C,C5,Bb/C
oner,D5,C5,Bb,G5,C5,Bb,G5,C5,Bb,G5
markov,A,G,F#m,Am,E,Bb/C,F,Em,C#,G
markov,G5,A5,B5,F#7,B,B,C#m,Bm,D5,C
markov,D5,Bb/C,Bb/C,E,A5,C#,A,Bb,G,F
j48,E,G,E,D#,D,D,G,G#,A,G
randomforests,E,G,E,D#,D,D,G,G#,A,C
oner,E,B,E,B,E,B,E,B,E,B
markov,C,D5,G,A,D,B,E5,A,E,D5
markov,E,C#,E,F5,A,C#,G5,A5,Bb,Bb
markov,C,F#m,F#m,C#m,C,C#,G5,E5,G5,A
j48,Bm11,D9,G6,Bm11,D9,G6,Bm11,D9,G6,Bm11
randomforests,Bm11,D9,G6,Bm11,D9,G6,Bm11,D9,G6,Bm11
oner,Bm11,D9,G6,Bm11,D9,G6,Bm11,D9,G6,Bm11
markov,Em,A,G5,G,C5,A5,D,E,Bm11,C9
markov,A,D,D,G5,E5,C#,D,B5,E,C9
markov,G,G5,D,Bm7,Bm,D5,G5,F5,A,A
j48,C7-/13,B,F#m,A/C#,C7-/13,B,F#m,A/C#,C7-/13,B
randomforests,C7-/13,B,F#m,A/C#,C7-/13,B,F#m,A/C#,C7-/13,B
oner,C7-/13,B,E,B,E,B,E,B,E,B
markov,C5,A,C,C,E,G5,C#,F#m,G6,C5
markov,B,Am,G,Bb,C#m,Bb,B5,A,Bb/C,E5
markov,F#,D,Bb/C,E,B,Bb,C,D5,G5,F5
j48,D,D,D,D,D,D,D,D,D,D
randomforests,D,D,D,D,D,D,D,D,D,D
oner,D,D,D,D,D,D,D,D,D,D
markov,A,A,Bm,G5,B,B,C5,B,C,Bb
markov,F#7,G5,Am,C5,G,C,A5,E,C,Bm
markov,B,D5,C,E5,B5,B,C5,A,Am,G5
j48,D5,F#m,D5,F#m,D5,F#m,D5,F#m,D5,F#m
randomforests,D5,F#m,D5,F#m,D5,F#m,D5,F#m,D5,F#m
oner,D5,C5,Bb,G5,C5,Bb,G5,C5,Bb,G5
markov,A,E,Bb,G6,C9,F5,C5,D,G5,D5
markov,G,G6,Em,E5,C#5,C#,E5,C5,Bb,Bb
markov,C5,C#m,E,Bb,A/C#,C#,B,G7,A5,B
j48,G5,E,Bb5,G5,E,Bb5,G5,E,Bb5,G5
randomforests,G5,E,Bb5,G5,E,Bb5,G5,E,Bb5,G5
oner,G5,C5,Bb,G5,C5,Bb,G5,C5,Bb,G5
markov,F5,B,G5,G,C#m,F9,B5,G,D5,D
markov,E5,G5,G,B,C#m,E,C5,A,A5,C
markov,Bb,D,E,E,Am,C,E,Bb,G,B
j48,C,Bb,C,G,Bb,C,G,C,G,F
randomforests,C,Bb,C,G,Bb,C,G,C,G,F
oner,C,G,D,D,D,D,D,D,D,D
markov,D,D9,G5,D5,E,C#,G,D5,B,E5
markov,D5,F#m,F#,F#,A,A,Bb,D,G,B
markov,F5,C,C5,C#,B,D5,D5,F#5,E,B
j48,G5,E,Bb5,G5,E,Bb5,G5,E,Bb5,G5
randomforests,G5,E,Bb5,G5,E,Bb5,G5,E,Bb5,G5
oner,G5,C5,Bb,G5,C5,Bb,G5,C5,Bb,G5
markov,Am,G,A,Em,G5,D,Bb,C,F#m,D
markov,D,A,D5,F#m,C#m,C#m,D,C#,E,Am
markov,G,G5,E7/9,A5,E,F5,A,C5,G,Em
j48,Bm11/C#,Bm11,D9,G6,Bm11,D9,G6,Bm11,D9,G6
randomforests,Bm11/C#,Bm11/D,Bm11/C#,Bm11,Bm,Em,G,Bm,Em,G
oner,Bm11/C#,Bm11,D9,G6,Bm11,D9,G6,Bm11,D9,G6
markov,B,E,C,G,B,C#m,G5,Bm11,C5,E7/9
markov,Em,F#m,A,B,A,Bb/C,Am,Bm,E,A
markov,C#5,C5,G5,C#m,F,G,C5,G5,Am,E
j48,Bm11,D9,G6,Bm11,D9,G6,Bm11,D9,G6,Bm11
randomforests,Bm11/D,Bm11/C#,Bm11,Bm,Em,G,Bm,Em,G,Bm
oner,Bm11,D9,G6,Bm11,D9,G6,Bm11,D9,G6,Bm11
markov,G6,C#,G5,C,E,F#,A5,E,B,C5
markov,G5,Bb,G,F#7,G5,C5,C#,D,C5,C5
markov,Bm,A,C,A5,C,C#,Bm,B,Bb,C#
j48,D5,C5,A5,D5,C5,A5,D5,C5,A5,D5
randomforests,D5,C5,A5,D5,C5,A5,D5,C5,A5,D5
oner,D5,C5,Bb,G5,C5,Bb,G5,C5,Bb,G5
markov,C5,F#,A,B,C,C5,B,G,Bb,C5
markov,C9,Bm11,B,B,E,G,E5,B,C5,C5
markov,B,B,C,A5,A,C9,G5,Am,F#,C5
j48,G5,B5,A5,F#5,G5,B5,A5,F#5,G5,B5
randomforests,G5,B5,A5,F#5,G5,B5,A5,F#5,G5,B5
oner,G5,C5,Bb,G5,C5,Bb,G5,C5,Bb,G5
markov,F#,C,D5,Em,C,D,G,C#,A,E
markov,A,C#m,A,F#m,G5,A,C#m,F#5,C#m,Bb
markov,C,G6,E,C#,A,B,G,D,D,E
j48,C,G,G,C,F9,C,G,G,C,F9
randomforests,C,G,G,C,F9,C,G,G,C,F9
oner,C,G,D,D,D,D,D,D,D,D
markov,C,B,G5,C5,G6,G5,Bm,B,G,C
markov,A5,A,D,F#,Bm,C,B,G,G,A
markov,E7/9,C,A,C5,B,E7,G,Am,D5,G
j48,A5,B5,A5,E5,B5,A5,B5,A5,E5,B5
randomforests,A5,F#5,G5,B5,A5,F#5,G5,B5,A5,F#5
oner,A5,D5,C5,Bb,G5,C5,Bb,G5,C5,Bb
markov,G7,B,A5,Em,G5,F#,G,E,D,D5
markov,Bm11,F#m,G5,G5,Bb/C,C,B,B,Bm,G5
markov,C#m,C,C,C,F5,G5,D5,E5,F#m,E
j48,A,G,A,G,A,G,A,G,A,G
randomforests,A,E,A,D,A,E,A,D,A,E
oner,A,G,D,D,D,D,D,D,D,D
markov,F9,A,B,G,E,E,D,A,B,G
markov,C#m,Am,C5,G5,G5,B,B,B,D,E
markov,G5,D,C,C#5,D,F#,A,C9,G5,B
j48,C5,Bb,G5,C5,Bb,G5,C5,Bb,G5,C5
randomforests,C5,Bb,G5,C5,Bb,G5,C5,Bb,G5,C5
oner,C5,Bb,G5,C5,Bb,G5,C5,Bb,G5,C5
markov,E,E,G7,D5,C5,E,C5,C#,Db,D
markov,C#m,F#m,E5,E,D5,E,E,C#m,E,F#m
markov,B,G,G5,D9,D5,A,F#,A5,G,E
j48,G5,E,Bb5,G5,E,Bb5,G5,E,Bb5,G5
randomforests,G5,E,Bb5,G5,E,Bb5,G5,E,Bb5,G5
oner,G5,C5,Bb,G5,C5,Bb,G5,C5,Bb,G5
markov,D5,Bb,C#m,Em,Bm11,Bm,G,A5,C5,E5
markov,D,B,E,D5,Bm,C9,C#m,C,G,E5
markov,C5,C#m,C#,G5,G7,F#m,D5,G5,A,G5
j48,E,A,B,E,F#,E,F#,E,C#m,F#
randomforests,E,Bm,C#,F#m,A,D,C#m,Bm,A,D
oner,E,B,E,B,E,B,E,B,E,B
markov,B,A5,Em,Bb/C,G5,Bb,C#m,D5,G5,G
markov,F#m,E,G5,E5,D5,B,E,Em,C9,Bb/C
markov,B,C5,B,G,A5,F#m,E,C5,C#m,G5
j48,C5,Bb,G5,C5,Bb,G5,C5,Bb,G5,C5
randomforests,C5,Bb,G5,C5,Bb,G5,C5,Bb,G5,C5
oner,C5,Bb,G5,C5,Bb,G5,C5,Bb,G5,C5
markov,C5,C#,E,Am,A5,F#m,G,G,F#m,D5
markov,Bb,B,Bb,D5,G,G,A,A,C9,C#
markov,C5,B5,G,Bm,D5,G6,E,C5,Bb,B5
j48,G#,A,G,A,G,A,G,A,G,A
randomforests,G#,A,B,F#m,D5,C5,Bb,G5,C5,Bb
oner,C5,Bb,G5,C5,Bb,G5,C5,Bb,G5,C5
markov,A,C,E,C5,A,F#m,F#m,Bm11,C5,D
markov,Bm,Bb/C,G,C5,G,A5,F#m,G5,Bm,D5
markov,D,E5,Em,A5,G,C#m,E5,G5,Bb,A5
j48,E,E,G,D/F#,E,E,G,D/F#,E,E
randomforests,E,E,G,D/F#,E,E,G,D/F#,E,E
oner,E,B,E,B,E,B,E,B,E,B
markov,C,B,C,Bb,A,B,B,G5,G5,Am
markov,E,C5,G7,C#,F#m,C5,C#5,C5,Bm,G
markov,G,Bb,Am,D5,C,B,F#,F#m,E,A5
j48,G#,A,G,A,G,A,G,A,G,A
randomforests,G#,A,C#,C,B,F#m,A,F#m,C#,C
oner,G#,A,G,D,D,D,D,D,D,D
markov,E5,C#m,G6,E5,G,G6,A,F#,A,B
markov,E5,D,F5,A5,C5,F#m,F#m,E5,E,Bm
markov,A,Bb,Bm,G,F#m,D5,C,F#5,Bb/C,D
j48,E,B,C#m,F#,E,B,B,E,B,C#m
randomforests,E,B,C#m,F#,E,B,B,E,B,C#m
oner,E,B,E,B,E,B,E,B,E,B
markov,B,E,A5,G5,F5,Bm11,Am,A5,C9,G6
markov,E,A,G5,F#,G7,B,G5,G5,G,F
markov,Em,F9,C#,B5,E5,D,G,F#m,G,C5
j48,A5,B5,A5,E5,B5,A5,B5,A5,E5,B5
randomforests,A5,F#5,G5,B5,A5,F#5,G5,B5,A5,F#5
oner,A5,D5,C5,Bb,G5,C5,Bb,G5,C5,Bb
markov,C,Am,D5,B,C#,A,E,C#,C#m,C#
markov,C5,B,G,D,F#m,C#,C,G,G5,D5
markov,B,E,C#m,B,B,E,B,C#m,E,F#
j48,C,G,F,C,G,F,C,G,F,C
randomforests,C,G,F,C,G,F,C,G,F,C
oner,C,G,D,D,D,D,D,D,D,D
markov,G5,A5,E,A5,B,C#5,G,G,Bm11,E5
markov,G,C#,E,E,Bb,A5,C5,C,Bm,G
markov,D5,C,B,C#m,B,E,B,E,B,A
j48,Em,G,Bm,Em,G,Bm,Em,G,Bm,Em
randomforests,Em,G,Bm,Em,G,Bm,Em,G,Bm,Em
oner,Em,G,D,D,D,D,D,D,D,D
markov,C#,G,E,B,B,D,E,C#5,Bm,B
markov,B,B5,A5,B,E5,Bm,E7,F#m,B,Bb/C
markov,G,F#5,E5,C5,G,B,Bm,A,C#m,G
j48,C,A,D,A,E,A,D,A,E,A
randomforests,Bb/C,C5,Bb/C,D5,C5,Bb/C,C5,Bb/C,D5,C5
oner,D,D,D,D,D,D,D,D,D,D
markov,B,A5,B,G5,C,B,Bb,C#,Bm,Bm11
markov,D9,G,F5,G5,C#,B,E,F,E5,B
markov,F5,E,C,D,F#,C5,E,B5,Em,B
j48,A,G,F#,B,A,B,F#,E,D,G
randomforests,E,C,D,E,C,D,E,C,D,E
oner,A,G,D,D,D,D,D,D,D,D
markov,E,C,G,F#,G,G6,C,B,C,G5
markov,C,D,B,B,G6,B5,A,C#5,A,A5
markov,F#,E,C,C5,B,D,Bm,G,Bb,C
j48,Bb,C,G,C,G,F,C,G,F,C
randomforests,Bb,C,G,C,G,F,C,G,F,C
oner,Bb,G5,C5,Bb,G5,C5,Bb,G5,C5,Bb
markov,G5,C5,Bm7,A,C9,C,C5,Bm,Bm11,C#
markov,E,B,A,F,D5,Bm,C#,D,D5,F
markov,F#m,B,D5,F#,F#m,B,F9,F#m,G,F9
j48,D,A,C,A,E,D#,D,A,C,A
randomforests,D,A,C,A,E,D#,D,A,C,A
oner,D,D,D,D,D,D,D,D,D,D
markov,F#m,C5,E5,B,B,Bb,C#m,B,E,C5
markov,G5,G,G,F5,Bm,E,G5,D5,E,B5
markov,G5,A5,A,G5,Am,F#,Em,Bm11,B,Bb/C
j48,Am,Em,Am,D,G,Cm,D,G,Cm,D
randomforests,Am,Em,Am,D,G,Em,Am,D,G,Em
oner,Am,F5,G5,C5,Bb,G5,C5,Bb,G5,C5
markov,A,B,E,B5,G,Bb,C,Am,C,G5
markov,Bb,E,G5,B5,C,G,C#5,A,C5,G
markov,B,B,D,A,D5,B,A,C5,F#,C5
j48,C,G,C,F,C,G,C,F,C,G
randomforests,G,C,F9,C,G,G,C,F9,C,G
oner,C,G,D,D,D,D,D,D,D,D
markov,A,F5,C#m,G#,C9,G,D5,A,B,C#m
markov,C,C5,C5,C5,G,D5,D,D,C#,E
markov,G,E,C,G5,D,B,Bm,E,E5,E5
j48,E,B,E,C#m,E,B,E,C#m,E,B
randomforests,E,B,E,C#m,E,B,E,C#m,E,B
oner,E,B,E,B,E,B,E,B,E,B
